AdjunctTop_01,0,0.00,2748,520.82
AdjunctTop_02,0,0.00,2748,542.86
AdjunctTop_03,0,0.00,2748,505.51
Adjunct_05,0,0.00,2748,506.41
AdjusterMedium,0,0.00,990,9026.77
AdjusterXtraSmall,310,1578.90,0,0.00
AgLiReinforcedGlassProduct,120,1079.32,0,0.00
AileronMedium2,94,22623.17,0,0.00
AlFeProduct,0,0.00,4090,116.55
AlLiProduct,0,0.00,2013,764.09
AlarmLight,310,1447.31,0,0.00
AlarmSound,310,1767.41,0,0.00
AluminiumBrightHCBlack,0,0.00,8287,193.58
AluminiumBrightHCGray,828,261.78,0,0.00
AluminiumBrightHCGrayD,0,0.00,8287,207.10
AluminiumBrightHCGrayL,0,0.00,8287,212.34
AluminiumBrightHCWhite,0,0.00,8287,167.92
AluminiumMattHCBlack,828,272.30,0,0.00
AluminiumMattHCGray,828,239.48,0,0.00
AluminiumMattHCGrayD,828,227.65,0,0.00
AluminiumMattHCGrayL,828,263.45,0,0.00
AluminiumMattHCWhite,828,214.42,0,0.00
AluminiumOre,0,0.00,6487,24.52
AluminiumPure,791,41.53,7911,41.53
AluminiumScrap,0,0.00,10358,41.16
AluminiumTileHCBlack,0,0.00,8287,192.63
AluminiumTileHCGray,828,240.04,0,0.00
AluminiumTileHCGrayD,0,0.00,8287,222.24
AluminiumTileHCGrayL,828,242.99,0,0.00
AluminiumTileHCWhite,0,0.00,8287,183.72
AmmoCannonExtraSmallKineticAdvancedAgile,199,236.14,0,0.00
AmmoCannonExtraSmallKineticAdvancedDefense,0,0.00,1996,156.37
AmmoCannonExtraSmallThermicAdvancedAgile,0,0.00,1996,149.90
AmmoCannonLargeKineticAdvancedDefense,117,1154.27,0,0.00
AmmoCannonLargeKineticAdvancedPrecision,117,1257.49,0,0.00
AmmoCannonLargeThermicAdvancedAgile,157,1088.50,0,0.00
AmmoCannonLargeThermicAdvancedDefense,117,1384.73,0,0.00
AmmoCannonMediumKineticAdvancedAgile,178,617.61,0,0.00
AmmoCannonMediumKineticAdvancedDefense,178,535.14,0,0.00
AmmoCannonMediumKineticAdvancedHeavy,0,0.00,1789,505.53
AmmoCannonMediumThermicAdvancedHeavy,0,0.00,1789,532.27
AmmoCannonMediumThermicAdvancedPrecision,0,0.00,1789,507.44
AmmoCannonSmallKineticAdvancedHeavy,0,0.00,1922,263.42
AmmoCannonSmallThermicAdvancedAgile,192,316.62,0,0.00
AmmoCannonSmallThermicAdvancedDefense,0,0.00,1922,228.10
AmmoCannonSmallThermicAdvancedPrecision,0,0.00,1922,273.91
AmmoContainerMedium,0,0.00,1209,19618.01
AmmoLaserExtraSmallElectromagneticAdvancedDefense,0,0.00,1996,197.10
AmmoLaserExtraSmallThermicAdvancedAgile,199,197.30,0,0.00
AmmoLaserExtraSmallThermicAdvancedPrecision,199,168.48,0,0.00
AmmoLaserLargeElectromagneticAdvancedAgile,117,1106.95,0,0.00
AmmoLaserLargeElectromagneticAdvancedDefense,117,1389.42,0,0.00
AmmoLaserLargeElectromagneticAdvancedPrecision,0,0.00,1572,802.81
AmmoLaserLargeElectromagneticUncommon,238,687.14,0,0.00
AmmoLaserLargeThermicAdvancedDefense,0,0.00,1572,791.24
AmmoLaserLargeThermicAdvancedPrecision,117,1281.60,0,0.00
AmmoLaserLargeThermicUncommon,0,0.00,2386,458.75
AmmoLaserMediumElectromagneticAdvancedDefense,178,555.54,0,0.00
AmmoLaserMediumThermicAdvancedHeavy,0,0.00,1789,555.78
AmmoLaserSmallThermicAdvancedHeavy,0,0.00,1922,250.79
AmmoLaserSmallThermicAdvancedPrecision,192,277.15,0,0.00
AmmoMissileExtraSmallKineticAdvancedDefense,0,0.00,1996,165.91
AmmoMissileExtraSmallKineticAdvancedHeavy,199,174.54,0,0.00
AmmoMissileExtraSmallKineticAdvancedPrecision,199,212.01,0,0.00
AmmoMissileLargeKineticAdvancedAgile,0,0.00,1179,1053.36
AmmoMissileLargeKineticAdvancedHeavy,117,1318.60,0,0.00
AmmoMissileMediumKineticAdvancedHeavy,178,588.24,0,0.00
AmmoMissileMediumKineticUncommon,256,372.90,0,0.00
AmmoMissileSmallKineticAdvancedAgile,0,0.00,1922,277.98
AmmoRailgunExtraSmallAntimatterUncommon,0,0.00,2713,95.47
AmmoRailgunExtraSmallElectromagneticAdvancedAgile,199,224.22,0,0.00
AmmoRailgunExtraSmallElectromagneticAdvancedHeavy,199,189.30,0,0.00
AmmoRailgunExtraSmallElectromagneticUncommon,339,101.80,0,0.00
AmmoRailgunLargeAntimatterUncommon,0,0.00,2386,476.85
AmmoRailgunLargeElectromagneticAdvancedAgile,117,1240.86,0,0.00
AmmoRailgunLargeElectromagneticAdvancedPrecision,0,0.00,1179,1050.07
AmmoRailgunLargeElectromagneticUncommon,0,0.00,2386,451.58
AmmoRailgunMediumAntimatterAdvancedHeavy,0,0.00,1789,444.81
AmmoRailgunMediumAntimatterAdvancedPrecision,0,0.00,1789,531.84
AmmoRailgunMediumElectromagneticAdvancedHeavy,178,589.42,0,0.00
AmmoRailgunMediumElectromagneticUncommon,0,0.00,2562,321.99
AmmoRailgunSmallAntimatterAdvancedPrecision,0,0.00,1922,241.16
AmmoRailgunSmallElectromagneticAdvancedAgile,0,0.00,1922,206.36
AmmoRailgunSmallElectromagneticAdvancedPrecision,192,319.69,0,0.00
AmmoStasisExtraSmall,0,0.00,1922,560.49
AmmoStasisLarge,94,3314.78,0,0.00
AndOperator,206,1165.48,0,0.00
AtmosphericEngineLargeFreight5,10,11101820.00,0,0.00
AtmosphericEngineMediumFreight,0,0.00,526,37036.55
AtmosphericEngineMediumSafe3,38,108903.89,0,0.00
AtmosphericEngineSmallFreight3,0,0.00,724,15079.46
AtmosphericEngineSmallManeuver3,72,18913.46,0,0.00
AtmosphericEngineSmallManeuver5,10,339140.94,0,0.00
AtmosphericEngineSmallMilitary,108,10245.09,0,0.00
AtmosphericEngineSmallSafe,108,7031.05,0,0.00
AtmosphericEngineSmallSafe3,0,0.00,724,12712.23
AtmosphericEngineXtraSmallManeuver4,62,35442.00,0,0.00
AtmosphericEngineXtraSmallMilitary4,0,0.00,627,25818.53
AtmosphericEngineXtraSmallSafe,0,0.00,1202,3774.27
AtmosphericEngineXtraSmallSafe4,0,0.00,627,31171.51
AtmosphericFlap,153,1882.88,0,0.00
AtmosphericVerticalBoosterMedium,148,9293.10,0,0.00
AtmosphericVerticalBoosterSmallFreight,0,0.00,1088,6826.01
AtmosphericVerticalBoosterSmallFreight3,72,20774.00,0,0.00
AtmosphericVerticalBoosterSmallManeuver,0,0.00,1088,7698.78
AtmosphericVerticalBoosterSmallMilitary,0,0.00,1088,8232.55
AtmosphericVerticalBoosterXtraSmallFreight,0,0.00,1202,4637.93
AtmosphericVerticalBoosterXtraSmallFreight3,0,0.00,1405,8182.28
AtmosphericVerticalBoosterXtraSmallManeuver3,0,0.00,1405,7863.46
AtmosphericVerticalBoosterXtraSmallMilitary,0,0.00,1202,4174.24
AtmosphericVerticalBoosterXtraSmallMilitary3,0,0.00,936,9806.31
BacDeco01,0,0.00,2015,1973.07
BacDeco02,201,3280.72,0,0.00
BacDeco03,0,0.00,2015,2049.98
BacDeco04,0,0.00,2015,1927.15
BacDeco05,0,0.00,2015,2234.22
BacDeco06,0,0.00,2015,2616.03
BacDeco07,0,0.00,2015,2183.36
BacDeco08,201,3152.59,0,0.00
BacDeco09,0,0.00,2015,2358.70
Barrier1M,0,0.00,2748,544.85
Barrier2M,0,0.00,2748,524.06
BarrierCorner,0,0.00,2748,397.21
BasicECU,0,0.00,3032,1950.57
Bed,0,0.00,2015,2426.44
Bench,0,0.00,2748,466.29
BigHologramPlanet1,200,8600.89,0,0.00
BiologicMatterProduct,340,97.73,0,0.00
Board,0,0.00,2748,430.31
BrickBrightHCBlack,828,947.86,0,0.00
BrickBrightHCBrick01,828,874.24,0,0.00
BrickBrightHCBrick01D,0,0.00,8287,641.92
BrickBrightHCBrick01L,0,0.00,8287,836.53
BrickBrightHCBrick02,0,0.00,8287,768.18
BrickBrightHCBrick02D,0,0.00,8287,890.39
BrickBrightHCBrick02L,828,866.83,0,0.00
BrickBrightHCBrick03,0,0.00,8287,824.81
BrickBrightHCBrick03D,828,845.66,0,0.00
BrickBrightHCBrick03L,0,0.00,8287,755.29
BrickBrightHCBrick04,828,896.83,0,0.00
BrickBrightHCBrick04D,828,1049.03,0,0.00
BrickBrightHCBrick04L,0,0.00,8287,824.24
BrickBrightHCGray,0,0.00,8287,781.39
BrickBrightHCGrayD,828,1010.34,0,0.00
BrickBrightHCGrayL,828,854.60,0,0.00
BrickBrightHCWhite,0,0.00,8287,853.46
BrickMattHCBlack,0,0.00,8287,680.35
BrickMattHCBrick01,0,0.00,8287,853.35
BrickMattHCBrick01D,828,1061.86,0,0.00
BrickMattHCBrick01L,828,864.35,0,0.00
BrickMattHCBrick02,0,0.00,8287,647.31
BrickMattHCBrick02D,0,0.00,8287,780.73
BrickMattHCBrick02L,0,0.00,8287,750.40
BrickMattHCBrick03,828,1071.20,0,0.00
BrickMattHCBrick03D,0,0.00,8287,795.76
BrickMattHCBrick03L,0,0.00,8287,673.93
BrickMattHCBrick04,0,0.00,8287,657.69
BrickMattHCBrick04D,828,830.82,0,0.00
BrickMattHCBrick04L,828,859.25,0,0.00
BrickMattHCGray,0,0.00,8287,891.10
BrickMattHCGrayD,0,0.00,8287,714.01
BrickMattHCGrayL,0,0.00,8287,814.83
BrickMattHCWhite,621,1122.87,0,0.00
BrickProduct,340,107.45,0,0.00
BrickTileHCBlack,0,0.00,8287,858.23
BrickTileHCBrick01,828,798.89,0,0.00
BrickTileHCBrick01D,0,0.00,8287,881.77
BrickTileHCBrick01L,0,0.00,8287,698.24
BrickTileHCBrick02,828,831.20,0,0.00
BrickTileHCBrick02D,0,0.00,8287,859.10
BrickTileHCBrick02L,0,0.00,8287,799.10
BrickTileHCBrick03,0,0.00,8287,878.89
BrickTileHCBrick03D,621,1117.66,0,0.00
BrickTileHCBrick03L,828,1056.43,0,0.00
BrickTileHCBrick04,0,0.00,8287,656.60
BrickTileHCBrick04D,828,936.16,0,0.00
BrickTileHCBrick04L,621,1114.21,0,0.00
BrickTileHCGray,0,0.00,8287,654.85
BrickTileHCGrayD,828,1056.07,0,0.00
BrickTileHCGrayL,0,0.00,8287,661.74
BrickTileHCWhite,828,910.29,0,0.00
Cable1M01,274,484.09,0,0.00
Cable1M02,274,641.57,0,0.00
Cable1M03,0,0.00,2748,410.54
Cable2M01,274,631.34,0,0.00
Cable2M02,0,0.00,2748,466.33
Cable2M03,274,592.49,0,0.00
CableCorner01,0,0.00,2748,443.89
CableCorner02,274,543.49,0,0.00
CableCorner03,0,0.00,2748,448.05
CalciumOre,0,0.00,10379,65.39
CalciumPure,405,75.41,4051,75.41
CalciumReinforcedCopperProduct,386,276.76,0,0.00
CalciumScrap,0,0.00,10358,34.36
CanopyAngleMedium_00,0,0.00,763,15751.29
CanopyAngleSmall_00,142,2584.05,0,0.00
CanopyCornerLarge_00,0,0.00,425,83892.21
CanopyCornerSmall_00,142,3020.44,0,0.00
CanopyFlatMetalSmall,142,2154.38,0,0.00
CanopyTriangleMedium_00,76,20728.66,0,0.00
CanopyTriangleSmall_00,0,0.00,1428,1815.99
CarbonFiberProduct,409,139.94,0,0.00
CarbonPure,1035,39.19,10358,39.19
CarbonScrap,1035,42.40,0,0.00
CarbonfiberBrightHCBlack,621,1319.47,0,0.00
CarbonfiberBrightHCGray,0,0.00,6215,1088.73
CarbonfiberBrightHCGrayD,621,1362.69,0,0.00
CarbonfiberBrightHCGrayL,828,1063.27,0,0.00
CarbonfiberBrightHCWhite,621,1538.49,0,0.00
CarbonfiberMattHCBlack,621,1337.74,0,0.00
CarbonfiberMattHCGray,621,1123.66,0,0.00
CarbonfiberMattHCGrayD,621,1357.13,0,0.00
CarbonfiberMattHCGrayL,828,1083.71,0,0.00
CarbonfiberMattHCWhite,0,0.00,6215,988.84
CarbonfiberTileHCBlack,0,0.00,6215,1107.22
CarbonfiberTileHCGray,0,0.00,6215,1027.07
CarbonfiberTileHCGrayD,0,0.00,6215,1073.31
CarbonfiberTileHCGrayL,621,1179.32,0,0.00
CarbonfiberTileHCWhite,621,1211.03,0,0.00
Carpet01,0,0.00,4123,193.29
Chair,302,1639.92,0,0.00
Chair02,0,0.00,4123,220.20
ChairSurface,0,0.00,2057,1177.32
Chair_S01,0,0.00,4123,227.56
ChromiumBrightHCBlack,0,0.00,8278,381.01
ChromiumBrightHCGray,0,0.00,8278,342.96
ChromiumBrightHCGrayD,0,0.00,8278,385.21
ChromiumBrightHCGrayL,0,0.00,8278,383.54
ChromiumBrightHCWhite,827,426.62,0,0.00
ChromiumMattHCBlack,827,487.39,0,0.00
ChromiumMattHCGray,827,368.95,0,0.00
ChromiumMattHCGrayD,827,466.83,0,0.00
ChromiumMattHCGrayL,827,539.66,0,0.00
ChromiumMattHCWhite,0,0.00,8278,339.17
ChromiumOre,0,0.00,10379,75.38
ChromiumPure,1025,74.49,10256,74.49
ChromiumScrap,1035,56.32,0,0.00
ChromiumTileHCBlack,0,0.00,8278,418.79
ChromiumTileHCGray,827,500.26,0,0.00
ChromiumTileHCGrayD,827,427.48,0,0.00
ChromiumTileHCGrayL,827,421.84,0,0.00
ChromiumTileHCWhite,0,0.00,8278,330.59
Club_S01,0,0.00,4123,183.31
CobaltOre,830,288.50,8303,288.50
CobaltPure,632,774.75,6329,774.75
CobaltScrap,814,427.14,0,0.00
CockpitCommandment,0,0.00,1485,8173.83
CockpitFighter,87,43807.81,0,0.00
CockpitHovercraft,148,10984.38,0,0.00
ConcreteBrightHCBlack,828,939.45,0,0.00
ConcreteBrightHCGray,828,1066.06,0,0.00
ConcreteBrightHCGrayD,0,0.00,8287,725.48
ConcreteBrightHCGrayL,621,1123.35,0,0.00
ConcreteBrightHCWhite,0,0.00,8287,787.14
ConcreteMattHCBlack,0,0.00,8287,685.06
ConcreteMattHCGray,621,1131.79,0,0.00
ConcreteMattHCGrayD,0,0.00,8287,852.01
ConcreteMattHCGrayL,0,0.00,8287,716.92
ConcreteMattHCWhite,0,0.00,6215,907.68
ConcreteProduct,0,0.00,2574,171.49
ConcreteTileHCBlack,621,1133.56,0,0.00
ConcreteTileHCGray,0,0.00,8287,866.12
ConcreteTileHCGrayD,0,0.00,8287,728.39
ConcreteTileHCGrayL,828,955.15,0,0.00
ConcreteTileHCWhite,0,0.00,8287,849.00
ContainerLargeOptimised3,10,1026411.54,0,0.00
ContainerMediumGravityInverted,0,0.00,482,41931.58
ContainerSmall,0,0.00,2003,7790.46
ContainerSmallGravityInverted3,53,42495.21,0,0.00
ContainerXXXLGravityInverted,0,0.00,100,1529271.12
ContainerXXXLOptimised,10,2174957.45,0,0.00
ContainerXXXLOptimised3,10,6289328.15,0,0.00
CopperBrightHCBlack,827,475.69,0,0.00
CopperBrightHCGray,0,0.00,8278,428.73
CopperBrightHCGrayD,827,433.99,0,0.00
CopperBrightHCGrayL,827,400.69,0,0.00
CopperBrightHCWhite,0,0.00,8278,325.78
CopperMattHCBlack,827,434.66,0,0.00
CopperMattHCGray,827,534.76,0,0.00
CopperMattHCGrayD,827,490.46,0,0.00
CopperMattHCGrayL,827,373.98,0,0.00
CopperMattHCWhite,827,501.57,0,0.00
CopperOre,0,0.00,10379,69.19
CopperPure,1025,86.40,10256,86.40
CopperScrap,0,0.00,10358,41.45
CopperTileHCBlack,827,530.13,0,0.00
CopperTileHCGray,827,526.28,0,0.00
CopperTileHCGrayD,0,0.00,8278,323.93
CopperTileHCGrayL,827,434.86,0,0.00
CopperTileHCWhite,0,0.00,8278,313.29
CoreUnitSpace64,0,0.00,3113,6226.63
CoreUnitStatic256,0,0.00,1037,209717.45
Counter02,0,0.00,2063,1037.69
Counter03,0,0.00,2063,1123.74
Counter05,206,1531.29,0,0.00
Counter07,275,1074.67,0,0.00
Counter10,206,1200.58,0,0.00
CuAgProduct,0,0.00,2013,888.49
DataBank,310,1327.07,0,0.00
DecoColumn2x,274,518.24,0,0.00
DecoPanel1x2,0,0.00,2748,496.49
DelayLine,310,1527.89,0,0.00
DetectionZone16m,303,1887.80,0,0.00
DetectionZone2m,0,0.00,2057,1087.21
DetectionZone4m,0,0.00,2057,1191.06
DetectionZone8m,303,2574.60,0,0.00
Dispenser,87,34313.76,0,0.00
Dresser_S01,201,2674.64,0,0.00
DuraluminProduct,0,0.00,3862,183.00
ElevatorXSmall,119,4107.21,0,0.00
Emitter,0,0.00,1538,1537.49
EndTable_S01,274,387.46,0,0.00
FireworksLauncher,153,1592.73,0,0.00
FluorineOre,830,310.56,8303,310.56
FluorinePure,632,877.22,6329,877.22
FluorineScrap,0,0.00,8148,351.90
FluoropolymerProduct,54,4774.58,0,0.00
ForceField1x1,205,1513.87,0,0.00
ForceField2x1,205,1147.18,0,0.00
ForceField4x1,0,0.00,2009,8165.65
ForceField6x1,0,0.00,2009,7900.64
FuelIntake01,0,0.00,4143,219.99
GlassLarge,0,0.00,2015,1861.64
GlassProduct,0,0.00,5113,65.39
GoldBrightHCBlack,606,5548.05,0,0.00
GoldBrightHCGray,0,0.00,6064,4030.32
GoldBrightHCGrayD,0,0.00,6064,4736.22
GoldBrightHCGrayL,0,0.00,6064,3395.66
GoldBrightHCWhite,606,4729.97,0,0.00
GoldCoatedGlassProduct,43,5027.20,0,0.00
GoldMattHCBlack,606,4168.68,0,0.00
GoldMattHCGray,606,4218.76,0,0.00
GoldMattHCGrayD,606,5188.08,0,0.00
GoldMattHCGrayL,0,0.00,6064,4582.26
GoldMattHCWhite,606,4677.45,0,0.00
GoldOre,830,323.75,8303,323.75
GoldPure,632,913.67,6329,913.67
GoldScrap,814,481.39,0,0.00
GoldTileHCBlack,0,0.00,6064,3311.62
GoldTileHCGray,0,0.00,6064,3341.72
GoldTileHCGrayD,0,0.00,6064,3737.62
GoldTileHCGrayL,0,0.00,6064,4072.84
GoldTileHCWhite,606,5505.11,0,0.00
Grade5TitaniumAlloyProduct,10,24290.81,0,0.00
Gyroscope,153,2433.98,0,0.00
Headlight,0,0.00,1538,1829.00
HoverEngineMediumMilitary,0,0.00,526,40086.13
HoverEngineSmall,0,0.00,1538,1353.16
HoverEngineSmallMilitary,108,9141.09,0,0.00
HoverEngineSmallMilitary3,0,0.00,724,17884.05
IRDetector,205,1359.01,0,0.00
IREmitter,0,0.00,2057,1025.52
InconelProduct,150,919.87,0,0.00
Industry3DPrinter,87,36267.18,0,0.00
Industry3DPrinter4,10,412738.02,0,0.00
IndustryAssemblyL3,0,0.00,100,585772.96
IndustryAssemblyM,0,0.00,870,26616.69
IndustryAssemblyS,0,0.00,1485,7741.14
IndustryAssemblyS2,0,0.00,1088,6453.64
IndustryAssemblyXS,0,0.00,1538,1422.77
IndustryAssemblyXS2,120,4836.84,0,0.00
IndustryAssemblyXS3,0,0.00,936,9208.62
IndustryAssemblyXS4,62,26578.51,0,0.00
IndustryChemical,0,0.00,870,36746.25
IndustryGlass,0,0.00,870,35237.46
IndustryGlass3,38,98575.11,0,0.00
IndustryMetalwork,0,0.00,870,37118.08
IndustryMetalwork2,52,53916.86,0,0.00
IndustryRecycler,0,0.00,870,38111.09
IndustryRefiner,87,32495.18,0,0.00
IndustrySmelter,87,38083.16,0,0.00
IndustrySmelter2,52,47668.93,0,0.00
InfoButton,0,0.00,1538,1523.88
IronBrightHCBlack,828,498.03,0,0.00
IronBrightHCGray,0,0.00,8287,415.76
IronBrightHCGrayD,0,0.00,8287,326.11
IronBrightHCGrayL,828,444.96,0,0.00
IronBrightHCWhite,0,0.00,8287,390.37
IronMattHCBlack,0,0.00,8287,161.89
IronMattHCGray,828,546.51,0,0.00
IronMattHCGrayD,0,0.00,8287,324.69
IronMattHCGrayL,0,0.00,8287,355.03
IronMattHCWhite,0,0.00,8287,327.65
IronOre,0,0.00,6487,22.83
IronPure,1025,37.30,10256,37.30
IronScrap,0,0.00,10358,34.98
IronTileHCBlack,0,0.00,8287,394.47
IronTileHCGray,0,0.00,8287,435.22
IronTileHCGrayD,828,428.60,0,0.00
IronTileHCGrayL,828,450.31,0,0.00
IronTileHCWhite,828,543.49,0,0.00
Kergon1,341,40.96,0,0.00
Kergon2,0,0.00,3418,38.32
Kergon3,341,42.89,0,0.00
Kergon4,341,49.35,0,0.00
Kergon5,135,118.63,0,0.00
LandingGearXSmall,205,1510.02,0,0.00
LaserDetector,0,0.00,2057,1240.20
LaserEmitter,0,0.00,3104,1079.14
LightDetector,0,0.00,3104,1234.58
LightQuadLarge,120,4973.86,0,0.00
LightQuadMedium,0,0.00,1202,3221.42
LightQuadXsmall,0,0.00,3104,1449.16
LightSquareMedium,0,0.00,1202,4486.66
LightSquareSmall,0,0.00,1202,4224.61
LightSquareXSmall,0,0.00,3104,1446.10
LightVerticalSmall,0,0.00,1202,4162.33
LightVerticalXsmall,310,1695.85,0,0.00
LithiumCobaltateProduct,54,4409.14,0,0.00
LithiumOre,830,160.57,8303,160.57
LithiumPure,781,217.81,7818,217.81
LithiumScrap,827,128.29,0,0.00
MangalloyProduct,10,22051.17,0,0.00
ManganeseOre,830,691.46,8303,691.46
ManganesePure,243,3519.56,2430,3519.56
ManganeseScrap,0,0.00,5787,1699.67
ManualButton,0,0.00,3107,1262.18
ManualButtonSmall,0,0.00,3107,948.17
ManualSwitch,0,0.00,3107,1008.35
MaragingSteelProduct,54,4459.73,0,0.00
MarbleBrightHCBeigeCold,0,0.00,8278,847.07
MarbleBrightHCBeigeColdD,827,970.10,0,0.00
MarbleBrightHCBeigeColdL,0,0.00,8278,823.76
MarbleBrightHCBlack,0,0.00,8278,742.11
MarbleBrightHCBlueCold,0,0.00,6209,988.50
MarbleBrightHCBlueColdD,0,0.00,6209,913.62
MarbleBrightHCBlueColdL,827,1098.27,0,0.00
MarbleBrightHCGray,0,0.00,8278,896.72
MarbleBrightHCGrayD,0,0.00,8278,748.23
MarbleBrightHCGrayL,0,0.00,8278,894.09
MarbleBrightHCGreenCold,0,0.00,6209,996.68
MarbleBrightHCGreenColdD,0,0.00,6209,1035.80
MarbleBrightHCGreenColdL,620,1288.76,0,0.00
MarbleBrightHCOrangeCold,0,0.00,8278,803.59
MarbleBrightHCOrangeColdD,0,0.00,6209,1022.67
MarbleBrightHCOrangeColdL,827,1019.77,0,0.00
MarbleBrightHCRedCold,0,0.00,8278,770.85
MarbleBrightHCRedColdD,0,0.00,6209,1042.31
MarbleBrightHCRedColdL,620,1235.45,0,0.00
MarbleBrightHCWhite,0,0.00,6209,1032.43
MarbleBrightHCYellowCold,0,0.00,8278,728.76
MarbleBrightHCYellowColdD,827,1096.37,0,0.00
MarbleBrightHCYellowColdL,620,1133.49,0,0.00
MarbleMattHCBeigeCold,827,927.42,0,0.00
MarbleMattHCBeigeColdD,0,0.00,8278,780.47
MarbleMattHCBeigeColdL,0,0.00,6209,1039.01
MarbleMattHCBlack,0,0.00,8278,880.69
MarbleMattHCBlueCold,620,1124.99,0,0.00
MarbleMattHCBlueColdD,0,0.00,8278,899.09
MarbleMattHCBlueColdL,827,899.57,0,0.00
MarbleMattHCGray,620,1286.33,0,0.00
MarbleMattHCGrayD,0,0.00,6209,1006.40
MarbleMattHCGrayL,0,0.00,8278,806.12
MarbleMattHCGreenCold,0,0.00,8278,741.93
MarbleMattHCGreenColdD,620,1201.87,0,0.00
MarbleMattHCGreenColdL,827,1053.44,0,0.00
MarbleMattHCOrangeCold,0,0.00,6209,933.71
MarbleMattHCOrangeColdD,0,0.00,8278,867.98
MarbleMattHCOrangeColdL,0,0.00,6209,1042.99
MarbleMattHCRedCold,827,964.47,0,0.00
MarbleMattHCRedColdD,0,0.00,8278,769.80
MarbleMattHCRedColdL,620,1170.84,0,0.00
MarbleMattHCWhite,620,1190.80,0,0.00
MarbleMattHCYellowCold,0,0.00,8278,862.76
MarbleMattHCYellowColdD,827,1018.33,0,0.00
MarbleMattHCYellowColdL,0,0.00,6209,966.02
MarbleProduct,0,0.00,2574,179.98
MarbleTileHCBeigeCold,0,0.00,8278,822.46
MarbleTileHCBeigeColdD,0,0.00,8278,862.41
MarbleTileHCBeigeColdL,0,0.00,6209,1028.45
MarbleTileHCBlack,620,1224.57,0,0.00
MarbleTileHCBlueCold,0,0.00,6209,1039.49
MarbleTileHCBlueColdD,827,1051.19,0,0.00
MarbleTileHCBlueColdL,827,995.98,0,0.00
MarbleTileHCGray,0,0.00,8278,758.62
MarbleTileHCGrayD,827,955.47,0,0.00
MarbleTileHCGrayL,620,1169.62,0,0.00
MarbleTileHCGreenCold,620,1156.82,0,0.00
MarbleTileHCGreenColdD,0,0.00,8278,733.72
MarbleTileHCGreenColdL,0,0.00,6209,1051.55
MarbleTileHCOrangeCold,827,910.13,0,0.00
MarbleTileHCOrangeColdD,0,0.00,6209,1041.61
MarbleTileHCOrangeColdL,0,0.00,6209,1052.91
MarbleTileHCRedCold,827,1000.27,0,0.00
MarbleTileHCRedColdD,0,0.00,6209,1069.23
MarbleTileHCRedColdL,0,0.00,6209,903.79
MarbleTileHCWhite,0,0.00,6209,924.94
MarbleTileHCYellowCold,827,990.66,0,0.00
MarbleTileHCYellowColdD,620,1285.40,0,0.00
MarbleTileHCYellowColdL,0,0.00,6209,901.62
MiningUnitSmall1,0,0.00,2003,8972.77
MissionContainerS,0,0.00,724,17555.00
MissionContainerXL,0,0.00,100,623807.47
MissionContainerXS,0,0.00,1405,2657.87
MissionContainerXXL,10,1456807.01,0,0.00
NandOperator,0,0.00,2063,1149.82
NavigatorChair,201,2370.70,0,0.00
NickelOre,830,161.48,8303,161.48
NickelPure,781,248.08,7818,248.08
NickelScrap,0,0.00,8270,99.90
NightStand,274,491.58,0,0.00
NiobiumOre,830,728.13,8303,728.13
NiobiumPure,243,3649.26,2430,3649.26
NiobiumScrap,0,0.00,5787,1529.53
Nitron,0,0.00,2579,22.99
NorOperator,0,0.00,2063,1254.58
NotOperator,0,0.00,2063,1061.34
OrOperator,275,1095.39,0,0.00
PVPSeat,108,7955.80,0,0.00
Painting01,86,13717.13,0,0.00
Plant,274,443.60,0,0.00
PlantDeco01,201,2894.08,0,0.00
PlantDeco02,274,420.62,0,0.00
PlantDeco03,0,0.00,2748,408.60
PlantDeco04,0,0.00,2748,380.03
PlantDeco05,274,376.99,0,0.00
PlasticBrightHCBeige,0,0.00,8287,823.81
PlasticBrightHCBeigeCold,828,880.28,0,0.00
PlasticBrightHCBeigeColdD,828,999.16,0,0.00
PlasticBrightHCBeigeColdL,0,0.00,8287,884.87
PlasticBrightHCBeigeD,828,854.92,0,0.00
PlasticBrightHCBeigeL,0,0.00,8287,850.92
PlasticBrightHCBlack,828,970.45,0,0.00
PlasticBrightHCBlue,0,0.00,8287,812.60
PlasticBrightHCBlueCold,0,0.00,8287,881.85
PlasticBrightHCBlueColdD,0,0.00,6215,907.57
PlasticBrightHCBlueColdL,828,812.61,0,0.00
PlasticBrightHCBlueD,828,1015.25,0,0.00
PlasticBrightHCBlueL,621,1108.53,0,0.00
PlasticBrightHCGray,0,0.00,8287,789.41
PlasticBrightHCGrayD,828,911.77,0,0.00
PlasticBrightHCGrayL,0,0.00,8287,882.35
PlasticBrightHCGreen,0,0.00,8287,701.18
PlasticBrightHCGreenCold,828,961.88,0,0.00
PlasticBrightHCGreenColdD,828,913.55,0,0.00
PlasticBrightHCGreenColdL,621,1139.95,0,0.00
PlasticBrightHCGreenD,0,0.00,8287,650.62
PlasticBrightHCGreenL,828,1045.31,0,0.00
PlasticBrightHCOrange,0,0.00,8287,739.17
PlasticBrightHCOrangeCold,0,0.00,8287,729.18
PlasticBrightHCOrangeColdD,0,0.00,8287,820.25
PlasticBrightHCOrangeColdL,828,835.23,0,0.00
PlasticBrightHCOrangeD,828,841.42,0,0.00
PlasticBrightHCOrangeL,0,0.00,8287,850.56
PlasticBrightHCPurple,828,801.38,0,0.00
PlasticBrightHCPurpleCold,828,838.98,0,0.00
PlasticBrightHCPurpleColdD,0,0.00,8287,852.27
PlasticBrightHCPurpleColdL,0,0.00,8287,703.97
PlasticBrightHCPurpleD,828,995.52,0,0.00
PlasticBrightHCPurpleL,0,0.00,8287,881.69
PlasticBrightHCRed,0,0.00,8287,757.46
PlasticBrightHCRedCold,828,875.02,0,0.00
PlasticBrightHCRedColdD,0,0.00,8287,895.91
PlasticBrightHCRedColdL,828,979.62,0,0.00
PlasticBrightHCRedD,828,938.62,0,0.00
PlasticBrightHCRedL,0,0.00,8287,895.17
PlasticBrightHCWhite,828,933.01,0,0.00
PlasticBrightHCYellow,828,804.38,0,0.00
PlasticBrightHCYellowCold,0,0.00,6215,917.05
PlasticBrightHCYellowColdD,828,1025.24,0,0.00
PlasticBrightHCYellowColdL,0,0.00,8287,646.43
PlasticBrightHCYellowD,828,792.92,0,0.00
PlasticBrightHCYellowL,0,0.00,8287,746.42
PlasticMattHCBeige,0,0.00,8287,696.20
PlasticMattHCBeigeCold,828,940.24,0,0.00
PlasticMattHCBeigeColdD,0,0.00,8287,845.18
PlasticMattHCBeigeColdL,828,794.46,0,0.00
PlasticMattHCBeigeD,828,949.31,0,0.00
PlasticMattHCBeigeL,828,1072.69,0,0.00
PlasticMattHCBlack,828,984.63,0,0.00
PlasticMattHCBlue,828,1073.58,0,0.00
PlasticMattHCBlueCold,828,1015.58,0,0.00
PlasticMattHCBlueColdD,0,0.00,8287,666.22
PlasticMattHCBlueColdL,828,930.58,0,0.00
PlasticMattHCBlueD,621,1150.23,0,0.00
PlasticMattHCBlueL,0,0.00,8287,674.39
PlasticMattHCGray,0,0.00,8287,827.10
PlasticMattHCGrayD,828,932.55,0,0.00
PlasticMattHCGrayL,828,907.63,0,0.00
PlasticMattHCGreen,0,0.00,8287,838.09
PlasticMattHCGreenCold,828,1015.97,0,0.00
PlasticMattHCGreenColdD,0,0.00,8287,643.60
PlasticMattHCGreenColdL,828,1028.79,0,0.00
PlasticMattHCGreenD,621,1123.78,0,0.00
PlasticMattHCGreenL,828,936.54,0,0.00
PlasticMattHCOrange,828,834.60,0,0.00
PlasticMattHCOrangeCold,828,1014.52,0,0.00
PlasticMattHCOrangeColdD,828,961.17,0,0.00
PlasticMattHCOrangeColdL,828,1048.00,0,0.00
PlasticMattHCOrangeD,0,0.00,8287,811.45
PlasticMattHCOrangeL,828,908.24,0,0.00
PlasticMattHCPurple,828,1012.68,0,0.00
PlasticMattHCPurpleCold,0,0.00,8287,650.62
PlasticMattHCPurpleColdD,621,1151.43,0,0.00
PlasticMattHCPurpleColdL,828,935.87,0,0.00
PlasticMattHCPurpleD,0,0.00,8287,761.09
PlasticMattHCPurpleL,0,0.00,8287,810.50
PlasticMattHCRed,0,0.00,8287,804.88
PlasticMattHCRedCold,0,0.00,8287,783.44
PlasticMattHCRedColdD,828,833.40,0,0.00
PlasticMattHCRedColdL,0,0.00,8287,772.67
PlasticMattHCRedD,0,0.00,6215,914.03
PlasticMattHCRedL,0,0.00,8287,785.61
PlasticMattHCWhite,0,0.00,8287,865.90
PlasticMattHCYellow,828,1056.51,0,0.00
PlasticMattHCYellowCold,621,1107.98,0,0.00
PlasticMattHCYellowColdD,828,1032.32,0,0.00
PlasticMattHCYellowColdL,828,904.64,0,0.00
PlasticMattHCYellowD,828,1079.90,0,0.00
PlasticMattHCYellowL,0,0.00,8287,864.91
PlasticTileHCBeige,621,1128.29,0,0.00
PlasticTileHCBeigeCold,621,1108.47,0,0.00
PlasticTileHCBeigeColdD,828,890.07,0,0.00
PlasticTileHCBeigeColdL,828,786.20,0,0.00
PlasticTileHCBeigeD,828,964.82,0,0.00
PlasticTileHCBeigeL,828,918.78,0,0.00
PlasticTileHCBlack,0,0.00,8287,647.51
PlasticTileHCBlue,0,0.00,8287,865.51
PlasticTileHCBlueCold,0,0.00,8287,759.70
PlasticTileHCBlueColdD,828,929.71,0,0.00
PlasticTileHCBlueColdL,828,884.56,0,0.00
PlasticTileHCBlueD,0,0.00,8287,852.00
PlasticTileHCBlueL,0,0.00,6215,902.04
PlasticTileHCGray,0,0.00,8287,673.05
PlasticTileHCGrayD,0,0.00,8287,705.98
PlasticTileHCGrayL,621,1107.77,0,0.00
PlasticTileHCGreen,0,0.00,6215,926.42
PlasticTileHCGreenCold,828,1044.65,0,0.00
PlasticTileHCGreenColdD,828,897.88,0,0.00
PlasticTileHCGreenColdL,828,852.75,0,0.00
PlasticTileHCGreenD,828,833.89,0,0.00
PlasticTileHCGreenL,0,0.00,8287,891.10
PlasticTileHCOrange,0,0.00,8287,871.35
PlasticTileHCOrangeCold,828,928.04,0,0.00
PlasticTileHCOrangeColdD,828,923.50,0,0.00
PlasticTileHCOrangeColdL,0,0.00,8287,828.49
PlasticTileHCOrangeD,621,1118.37,0,0.00
PlasticTileHCOrangeL,0,0.00,8287,775.39
PlasticTileHCPurple,828,1045.78,0,0.00
PlasticTileHCPurpleCold,0,0.00,8287,713.32
PlasticTileHCPurpleColdD,828,875.94,0,0.00
PlasticTileHCPurpleColdL,828,991.56,0,0.00
PlasticTileHCPurpleD,0,0.00,6215,943.11
PlasticTileHCPurpleL,0,0.00,8287,894.21
PlasticTileHCRed,0,0.00,8287,656.21
PlasticTileHCRedCold,828,1066.29,0,0.00
PlasticTileHCRedColdD,0,0.00,8287,895.03
PlasticTileHCRedColdL,828,786.63,0,0.00
PlasticTileHCRedD,0,0.00,8287,838.50
PlasticTileHCRedL,828,957.47,0,0.00
PlasticTileHCWhite,0,0.00,8287,672.76
PlasticTileHCYellow,828,1036.77,0,0.00
PlasticTileHCYellowCold,0,0.00,8287,757.01
PlasticTileHCYellowColdD,828,973.04,0,0.00
PlasticTileHCYellowColdL,828,1075.78,0,0.00
PlasticTileHCYellowD,828,938.41,0,0.00
PlasticTileHCYellowL,828,838.06,0,0.00
PolycalcitePlasticProduct,0,0.00,2574,190.31
PolycarbonatePlasticProduct,511,79.41,0,0.00
PolysulfidePlasticProduct,150,1096.15,0,0.00
PressureTile,0,0.00,1538,1611.04
ProgrammingBoard,0,0.00,1538,1402.94
ProjectorHologramPlanet1,205,1735.62,0,0.00
ProjectorHologramSpaceshipsmall,0,0.00,2057,1237.72
RadarPVPSmall,108,9740.83,0,0.00
RadarPVPSpaceLargeQuickwired5,0,0.00,100,10062447.87
RadarPVPSpaceSmall,0,0.00,1088,6530.71
RadialAtmoFuelTank,148,8975.71,0,0.00
RadialRocketFuelTankXSmall,72,17107.17,0,0.00
RadialSpaceFuelTank,0,0.00,1485,7589.20
RadialSpaceFuelTankMedium,87,31642.43,0,0.00
RadialSpaceFuelTankXSmall,0,0.00,1538,1861.57
Receiver,0,0.00,3104,972.93
RedGoldProduct,72,4803.63,0,0.00
Relay,0,0.00,2057,1266.51
RemoteControl,303,1847.99,0,0.00
ResurrectionNode,0,0.00,1088,6930.27
SacDeco01,0,0.00,2748,293.04
SacDeco02,274,512.34,0,0.00
SacDeco03,0,0.00,2748,397.82
SacDeco04,0,0.00,2748,419.48
SacDeco05,274,374.95,0,0.00
ScAlProduct,0,0.00,541,4296.26
ScandiumOre,830,295.21,8303,295.21
ScandiumPure,632,886.69,6329,886.69
ScandiumScrap,0,0.00,8148,354.61
Screen1x,120,4480.73,0,0.00
Screen2x,120,4826.25,0,0.00
Screen3x,0,0.00,1202,3231.14
ScreenBruteL,108,7127.97,0,0.00
ScreenBruteM,0,0.00,1202,3502.51
ScreenBruteS,0,0.00,1202,3920.78
ScreenBruteTransparentL,0,0.00,1088,7469.01
ScreenBruteTransparentM,0,0.00,1202,4031.75
ScreenBruteTransparentS,0,0.00,1202,3043.58
ScreenBruteTransparentXL,0,0.00,526,33182.31
ScreenBruteTransparentXS,0,0.00,1202,3094.61
ScreenBruteXL,0,0.00,526,40954.45
ScreenBruteXS,0,0.00,1202,3158.83
ScreenSignHMedium,120,5358.70,0,0.00
ScreenSignHXSmall,120,4595.56,0,0.00
ScreenSignVLarge,120,4602.07,0,0.00
ScreenSignVMedium,120,5288.13,0,0.00
ScreenTransparent1x,120,4319.06,0,0.00
ScreenTransparent2x,0,0.00,1202,3987.39
ScreenTransparent3x,120,5189.36,0,0.00
ScreenTransparent4x,120,4564.60,0,0.00
Shelf01,0,0.00,2748,411.07
Shelf02,0,0.00,2748,412.47
Shelf03,274,443.88,0,0.00
ShieldGeneratorExtraSmall,0,0.00,731,15591.60
ShieldGeneratorMediumAdjuster,0,0.00,100,575071.02
ShieldGeneratorMediumAdjuster5,10,2879690.91,0,0.00
ShieldGeneratorSmallAdjuster5,10,620984.65,0,0.00
ShipDoor01,0,0.00,870,37221.91
Shower_S01,205,1891.82,0,0.00
SiliconOre,0,0.00,6487,22.85
SiliconPure,977,41.19,9773,41.19
SiliconScrap,1035,49.67,0,0.00
SiluminProduct,409,150.77,0,0.00
SilverOre,830,157.25,8303,157.25
SilverPure,781,255.11,7818,255.11
SilverScrap,0,0.00,8270,96.92
SlidingDoor,0,0.00,990,9758.73
SodiumOre,0,0.00,10379,63.49
SodiumPure,791,86.70,7911,86.70
SodiumScrap,1035,57.28,0,0.00
Sofa,201,3456.46,0,0.00
Sofa_S01,201,2785.43,0,0.00
SpaceEngineLargeMilitary3,10,584023.48,0,0.00
SpaceEngineMediumMilitary5,0,0.00,100,1827013.47
SpaceEngineMediumSafe4,10,413650.91,0,0.00
SpaceEngineSmall,148,9580.62,0,0.00
SpaceEngineSmallFreight3,72,20166.04,0,0.00
SpaceEngineSmallFreight5,0,0.00,100,268442.39
SpaceEngineSmallManeuver4,0,0.00,361,48436.44
SpaceEngineSmallMilitary,0,0.00,1088,8378.56
SpaceEngineSmallSafe5,0,0.00,100,269958.64
SpaceEngineXtraLargeFreight4,10,18307695.85,0,0.00
SpaceEngineXtraSmallFreight4,0,0.00,627,31405.98
SpaceEngineXtraSmallMilitary,120,5839.06,0,0.00
SpaceEngineXtraSmallMilitary3,0,0.00,936,9043.73
StabilizerSmall,0,0.00,990,9357.87
StabilizerXtraSmall,0,0.00,1538,1739.03
StainlessSteelProduct,0,0.00,2574,192.45
SteelBrightHCBeige,621,1144.36,0,0.00
SteelBrightHCBeigeD,0,0.00,6215,903.70
SteelBrightHCBeigeL,0,0.00,6215,1137.08
SteelBrightHCBlack,621,1491.63,0,0.00
SteelBrightHCBlue,828,1091.24,0,0.00
SteelBrightHCBlueD,0,0.00,8287,873.83
SteelBrightHCBlueL,0,0.00,6215,1044.01
SteelBrightHCGray,621,1192.21,0,0.00
SteelBrightHCGrayD,621,1361.07,0,0.00
SteelBrightHCGrayL,0,0.00,6215,1157.66
SteelBrightHCGreen,0,0.00,6215,925.51
SteelBrightHCGreenD,0,0.00,6215,1006.95
SteelBrightHCGreenL,621,1182.87,0,0.00
SteelBrightHCOrange,0,0.00,6215,1194.81
SteelBrightHCOrangeD,621,1133.87,0,0.00
SteelBrightHCOrangeL,621,1234.32,0,0.00
SteelBrightHCRed,621,1187.30,0,0.00
SteelBrightHCRedD,621,1482.03,0,0.00
SteelBrightHCRedL,621,1160.56,0,0.00
SteelBrightHCWhite,0,0.00,6215,1226.08
SteelBrightHCYellow,621,1459.78,0,0.00
SteelBrightHCYellowD,0,0.00,6215,1091.23
SteelBrightHCYellowL,0,0.00,6215,1111.58
SteelMattHCBeige,621,1443.09,0,0.00
SteelMattHCBeigeD,621,1452.43,0,0.00
SteelMattHCBeigeL,828,1056.28,0,0.00
SteelMattHCBlack,621,1497.65,0,0.00
SteelMattHCBlue,621,1182.07,0,0.00
SteelMattHCBlueD,0,0.00,6215,1234.75
SteelMattHCBlueL,621,1376.22,0,0.00
SteelMattHCGray,621,1444.13,0,0.00
SteelMattHCGrayD,0,0.00,6215,1094.08
SteelMattHCGrayL,828,1053.32,0,0.00
SteelMattHCGreen,621,1440.51,0,0.00
SteelMattHCGreenD,0,0.00,8287,856.06
SteelMattHCGreenL,0,0.00,6215,1043.46
SteelMattHCOrange,621,1510.18,0,0.00
SteelMattHCOrangeD,0,0.00,6215,927.77
SteelMattHCOrangeL,621,1451.24,0,0.00
SteelMattHCRed,0,0.00,6215,1112.29
SteelMattHCRedCold,0,0.00,6215,1130.81
SteelMattHCRedD,0,0.00,8287,871.55
SteelMattHCRedL,621,1168.39,0,0.00
SteelMattHCWhite,0,0.00,6215,926.97
SteelMattHCYellow,828,1094.01,0,0.00
SteelMattHCYellowD,621,1192.42,0,0.00
SteelMattHCYellowL,621,1340.91,0,0.00
SteelProduct,409,134.91,0,0.00
SteelTileHCBeige,621,1207.44,0,0.00
SteelTileHCBeigeD,0,0.00,6215,1238.98
SteelTileHCBeigeL,621,1250.06,0,0.00
SteelTileHCBlack,0,0.00,6215,1022.74
SteelTileHCBlue,828,1094.67,0,0.00
SteelTileHCBlueD,0,0.00,6215,912.14
SteelTileHCBlueL,621,1220.92,0,0.00
SteelTileHCGray,0,0.00,6215,1155.84
SteelTileHCGrayD,621,1125.38,0,0.00
SteelTileHCGrayL,828,1083.74,0,0.00
SteelTileHCGreen,621,1229.31,0,0.00
SteelTileHCGreenD,621,1132.97,0,0.00
SteelTileHCGreenL,621,1348.76,0,0.00
SteelTileHCOrange,828,1045.01,0,0.00
SteelTileHCOrangeD,621,1402.90,0,0.00
SteelTileHCOrangeL,621,1381.17,0,0.00
SteelTileHCRed,0,0.00,6215,1185.39
SteelTileHCRedD,621,1255.15,0,0.00
SteelTileHCRedL,0,0.00,6215,1005.18
SteelTileHCWhite,0,0.00,6215,1239.67
SteelTileHCYellow,0,0.00,6215,1057.28
SteelTileHCYellowD,0,0.00,6215,969.79
SteelTileHCYellowL,0,0.00,8287,855.57
SulfurAcidProduct,0,0.00,2013,793.52
SulfurOre,830,142.66,8303,142.66
SulfurPure,632,222.15,6329,222.15
SulfurScrap,827,135.19,0,0.00
SurrogatePodStation,0,0.00,724,17653.46
SurrogateVRStation,148,8765.22,0,0.00
TableBig_S01,201,3012.84,0,0.00
Table_S01,0,0.00,2015,2052.64
Telemeter,0,0.00,1202,3661.57
TerritoryUnitBasic,26,60750.97,0,0.00
TiNbProduct,13,28648.34,0,0.00
TitaniumBrightHCGray,384,24484.68,0,0.00
TitaniumBrightHCGrayD,384,24282.62,0,0.00
TitaniumMattHCBlack,384,17264.76,0,0.00
TitaniumMattHCGray,0,0.00,3840,19962.66
TitaniumMattHCGrayL,0,0.00,3840,18150.31
TitaniumOre,830,640.91,8303,640.91
TitaniumPure,243,3937.78,2430,3937.78
TitaniumScrap,0,0.00,5787,2059.38
TitaniumTileHCGray,384,23618.41,0,0.00
TitaniumTileHCGrayL,384,17508.76,0,0.00
TransponderUnit,72,19410.05,0,0.00
Trash,274,479.59,0,0.00
Urinal_S01,274,506.36,0,0.00
VanadiumOre,830,623.81,8303,623.81
VanadiumPure,243,3977.53,2430,3977.53
VanadiumScrap,578,2558.06,0,0.00
VirtualProjector,0,0.00,1485,6913.06
WC_01_S01,0,0.00,2748,419.69
WC_02_S01,0,0.00,2748,441.90
Wardrobe,0,0.00,2015,2275.36
Wardrobe_S01,201,2472.14,0,0.00
Washbasin_S01,274,479.79,0,0.00
WeaponCannonExtraSmallAgile3,0,0.00,1405,8456.36
WeaponCannonExtraSmallDefense4,62,33298.94,0,0.00
WeaponCannonExtraSmallPrecision3,93,12460.81,0,0.00
WeaponCannonLargeDefense5,0,0.00,100,11669328.93
WeaponCannonLargeHeavy4,0,0.00,100,2563548.57
WeaponCannonLargeHeavy5,0,0.00,100,9776620.91
WeaponCannonMediumAgile5,0,0.00,100,1699304.56
WeaponCannonMediumHeavy3,0,0.00,190,98781.89
WeaponCannonMediumHeavy5,10,2151383.13,0,0.00
WeaponCannonSmallAgile3,72,19323.59,0,0.00
WeaponCannonSmallDefense3,0,0.00,724,13602.25
WeaponLaserExtraSmallDefense3,0,0.00,1405,6919.77
WeaponLaserExtraSmallDefense4,0,0.00,627,26978.29
WeaponLaserExtraSmallHeavy3,0,0.00,1405,8560.33
WeaponLaserExtraSmallHeavy5,0,0.00,210,112594.29
WeaponLaserExtraSmallPrecision3,140,8434.89,0,0.00
WeaponLaserExtraSmallPrecision4,62,27263.70,0,0.00
WeaponLaserLargeDefense4,0,0.00,100,2197288.10
WeaponLaserSmallAgile3,72,19266.37,0,0.00
WeaponMissileExtraSmallAgile3,0,0.00,1405,7044.65
WeaponMissileExtraSmallDefense3,0,0.00,1405,7428.40
WeaponMissileExtraSmallHeavy3,0,0.00,936,10271.93
WeaponMissileExtraSmallHeavy4,0,0.00,627,29751.03
WeaponMissileExtraSmallPrecision3,0,0.00,1405,8302.47
WeaponMissileSmallAgile3,0,0.00,724,17550.26
WeaponMissileSmallHeavy3,0,0.00,724,18088.38
WeaponRailgunExtraSmallAgile5,21,146209.36,0,0.00
WeaponRailgunExtraSmallHeavy3,140,10300.14,0,0.00
WeaponRailgunExtraSmallPrecision4,0,0.00,627,25827.97
WeaponRailgunLargeHeavy4,0,0.00,100,2498607.75
WeaponRailgunMedium1,0,0.00,526,41746.46
WeaponRailgunMediumDefense4,10,459544.10,0,0.00
WeaponRailgunMediumHeavy4,0,0.00,100,303565.19
WeaponRailgunSmall1,108,8248.58,0,0.00
WeaponRailgunSmallAgile3,72,22598.27,0,0.00
WeaponRailgunSmallDefense3,0,0.00,724,12874.39
WeaponRailgunSmallPrecision5,10,322312.60,0,0.00
WindowMedium,0,0.00,1235,10351.89
WindowProtectionLarge,0,0.00,603,14467.47
WingMedium2Bis,87,45025.84,0,0.00
WingSmall2,99,12988.37,0,0.00
WoodBrightHCBlack,828,750.80,0,0.00
WoodBrightHCBrown01,828,764.79,0,0.00
WoodBrightHCBrown01D,0,0.00,8287,440.65
WoodBrightHCBrown01L,828,701.26,0,0.00
WoodBrightHCBrown02,0,0.00,8287,518.64
WoodBrightHCBrown02D,0,0.00,8287,610.04
WoodBrightHCBrown02L,828,688.88,0,0.00
WoodBrightHCBrown03,828,570.96,0,0.00
WoodBrightHCBrown03D,0,0.00,8287,630.45
WoodBrightHCBrown03L,828,750.57,0,0.00
WoodBrightHCBrown04,828,646.10,0,0.00
WoodBrightHCBrown04D,0,0.00,8287,542.55
WoodBrightHCBrown04L,828,592.91,0,0.00
WoodBrightHCGray,0,0.00,8287,444.66
WoodBrightHCGrayD,828,626.77,0,0.00
WoodBrightHCGrayL,828,596.49,0,0.00
WoodBrightHCWhite,0,0.00,8287,540.23
WoodMattHCBlack,0,0.00,8287,505.93
WoodMattHCBrown01,0,0.00,8287,554.15
WoodMattHCBrown01D,828,662.61,0,0.00
WoodMattHCBrown01L,0,0.00,8287,595.14
WoodMattHCBrown02,828,630.71,0,0.00
WoodMattHCBrown02D,828,636.25,0,0.00
WoodMattHCBrown02L,828,586.05,0,0.00
WoodMattHCBrown03,0,0.00,8287,557.63
WoodMattHCBrown03D,828,567.47,0,0.00
WoodMattHCBrown03L,0,0.00,8287,482.35
WoodMattHCBrown04,828,678.17,0,0.00
WoodMattHCBrown04D,828,545.45,0,0.00
WoodMattHCBrown04L,828,575.71,0,0.00
WoodMattHCGray,828,704.42,0,0.00
WoodMattHCGrayD,828,671.16,0,0.00
WoodMattHCGrayL,0,0.00,8287,499.04
WoodMattHCWhite,0,0.00,8287,518.04
WoodProduct,0,0.00,5113,59.14
WoodTileHCBlack,0,0.00,8287,501.42
WoodTileHCBrown01,828,723.98,0,0.00
WoodTileHCBrown01D,0,0.00,8287,585.18
WoodTileHCBrown01L,828,744.32,0,0.00
WoodTileHCBrown02,0,0.00,8287,592.41
WoodTileHCBrown02D,828,628.66,0,0.00
WoodTileHCBrown02L,0,0.00,8287,536.49
WoodTileHCBrown03,828,560.13,0,0.00
WoodTileHCBrown03D,828,670.01,0,0.00
WoodTileHCBrown03L,828,587.69,0,0.00
WoodTileHCBrown04,0,0.00,8287,635.36
WoodTileHCBrown04D,828,752.45,0,0.00
WoodTileHCBrown04L,0,0.00,8287,503.06
WoodTileHCGray,828,679.02,0,0.00
WoodTileHCGrayD,828,596.15,0,0.00
WoodTileHCGrayL,828,561.44,0,0.00
WoodTileHCWhite,828,611.07,0,0.00
Xeron,0,0.00,2534,56.61
XorOperator,206,1199.25,0,0.00
antenna_1_m,0,0.00,1969,9309.80
antenna_1_s,0,0.00,3058,1565.14
antenna_1_xs,0,0.00,4127,245.84
antenna_2_s,0,0.00,1161,3309.26
antenna_2_xs,0,0.00,1216,2858.94
antenna_3_m,0,0.00,318,35773.98
antenna_3_s,0,0.00,460,9130.40
antenna_3_xs,81,6485.80,0,0.00
antenna_4_xs,0,0.00,499,16220.51
antigravitycore_3,64,8319.24,647,8319.24
antigravitycore_5,0,0.00,100,100404.18
antimattercapsule_1,0,0.00,3095,1055.92
antimattercapsule_2,0,0.00,2703,829.80
antimattercapsule_3,113,2101.20,0,0.00
antimattercapsule_4,0,0.00,899,7010.00
antimattercapsule_5,27,35625.00,0,0.00
antimattercore_3,64,8239.60,647,8239.60
antimattercore_5,10,139429.48,0,0.00
burner_1,309,1177.89,0,0.00
burner_2,0,0.00,2703,661.49
burner_3,113,1775.40,0,0.00
burner_4,89,6721.07,0,0.00
burner_5,0,0.00,272,31466.91
casing_1_m,0,0.00,6011,4968.88
casing_1_s,820,1000.77,0,0.00
casing_1_xs,827,185.53,0,0.00
casing_2_m,0,0.00,2721,5467.89
casing_2_s,396,1016.65,0,0.00
casing_2_xs,0,0.00,4086,281.89
casing_3_m,0,0.00,1317,25727.11
casing_3_s,0,0.00,2612,3368.32
casing_3_xs,292,1362.99,0,0.00
casing_4_xs,247,6468.54,0,0.00
casing_5_xs,102,28385.78,0,0.00
chemicalcontainer_1_m,0,0.00,1969,9493.31
chemicalcontainer_1_s,305,1510.04,0,0.00
chemicalcontainer_1_xs,0,0.00,4127,268.87
chemicalcontainer_2_s,116,5192.39,0,0.00
chemicalcontainer_2_xs,0,0.00,1216,2622.34
chemicalcontainer_3_s,0,0.00,690,6357.84
chemicalcontainer_3_xs,0,0.00,811,5020.24
chemicalcontainer_4_xs,0,0.00,499,14196.29
chemicalcontainer_5_s,0,0.00,100,94931.75
combustionchamber_1_l,178,28432.27,0,0.00
combustionchamber_1_m,0,0.00,2954,8402.94
combustionchamber_1_s,0,0.00,3058,1607.41
combustionchamber_1_xs,0,0.00,4127,206.87
combustionchamber_2_s,0,0.00,1161,4080.83
combustionchamber_2_xs,0,0.00,1216,2376.78
combustionchamber_3_s,0,0.00,690,8066.36
combustionchamber_3_xs,0,0.00,811,4551.71
component_1,0,0.00,8205,125.19
component_2,396,176.38,0,0.00
component_3,232,695.30,0,0.00
connector_1,0,0.00,8205,135.34
connector_2,0,0.00,3961,145.80
connector_3,0,0.00,2322,589.30
controlsystem_1_l,0,0.00,1786,22391.98
controlsystem_1_m,295,7084.95,0,0.00
controlsystem_1_s,305,1347.23,0,0.00
controlsystem_1_xs,412,288.17,0,0.00
controlsystem_2_s,0,0.00,1161,3349.41
controlsystem_2_xs,121,2873.78,0,0.00
controlsystem_3_s,0,0.00,690,6199.38
controlsystem_3_xl,0,0.00,100,1332452.47
controlsystem_3_xs,81,7348.33,0,0.00
controlsystem_4_xs,0,0.00,499,12051.90
controlsystem_5_l,0,0.00,100,4595419.65
coresystem_1_m,295,7113.25,2954,7113.25
coresystem_1_s,305,1228.99,3058,1228.99
coresystem_1_xs,412,218.34,4127,218.34
coresystem_2_s,116,4192.66,1161,4192.66
coresystem_2_xs,121,2273.99,1216,2273.99
coresystem_3_s,69,7833.94,690,7833.94
coresystem_3_xs,81,5805.43,811,5805.43
coresystem_4_s,32,26664.28,0,0.00
coresystem_4_xs,0,0.00,499,12756.07
dresser,0,0.00,2748,503.68
electricengine_1_l,0,0.00,1786,25286.43
electricengine_1_m,0,0.00,1969,9552.01
electricengine_1_s,0,0.00,3058,1416.97
electricengine_1_xs,412,277.78,0,0.00
electricengine_2_m,68,25853.67,0,0.00
electricengine_2_s,116,4822.82,0,0.00
electricengine_2_xs,121,3554.05,0,0.00
electricengine_3_m,0,0.00,318,38088.41
electricengine_3_s,0,0.00,690,6228.10
electricengine_3_xs,0,0.00,811,5577.88
electricengine_4_s,32,25326.52,0,0.00
electricengine_5_xl,10,33374229.68,0,0.00
electronics_1,0,0.00,3095,994.92
electronics_2,270,962.36,0,0.00
electronics_3,0,0.00,1136,1537.95
electronics_4,0,0.00,899,6839.19
electronics_5,0,0.00,272,23400.83
firingsystem_1_m,295,8887.06,0,0.00
firingsystem_1_s,0,0.00,3058,1500.24
firingsystem_1_xs,412,342.59,0,0.00
firingsystem_2_s,116,4425.01,0,0.00
firingsystem_2_xs,0,0.00,1216,2846.77
firingsystem_3_s,0,0.00,690,7796.46
firingsystem_3_xs,81,6943.70,0,0.00
firingsystem_4_m,10,169026.66,0,0.00
fixation_1,0,0.00,8205,101.80
fixation_2,0,0.00,3961,122.07
fixation_3,0,0.00,2322,659.40
gazcylinder_1_l,0,0.00,1786,21733.92
gazcylinder_1_m,0,0.00,1969,9646.82
gazcylinder_1_s,305,1518.97,0,0.00
gazcylinder_1_xs,0,0.00,4127,283.17
gazcylinder_2_l,0,0.00,503,86040.41
gazcylinder_2_s,0,0.00,1161,3348.00
gazcylinder_2_xs,121,2801.62,0,0.00
gazcylinder_3_m,0,0.00,318,48065.06
gazcylinder_3_s,0,0.00,690,6551.32
gazcylinder_3_xs,0,0.00,811,5137.26
gazcylinder_4_s,32,28782.86,0,0.00
gazcylinder_5_l,0,0.00,100,3989608.65
gazcylinder_5_s,10,113548.67,0,0.00
gazcylinder_5_xl,10,32681586.41,0,0.00
hcAlLiAged,0,0.00,6172,4637.69
hcAlLiGlossy,0,0.00,6172,4371.10
hcAlLiMatte,0,0.00,6172,4786.97
hcAlLiPaintedBlack,617,6215.86,0,0.00
hcAlLiPaintedDarkGray,0,0.00,6172,3894.22
hcAlLiPaintedGray,617,4453.30,0,0.00
hcAlLiPaintedGreen,0,0.00,6172,4415.38
hcAlLiPaintedIce,617,5854.86,0,0.00
hcAlLiPaintedLightGray,617,5068.20,0,0.00
hcAlLiPaintedMilitary,0,0.00,6172,3601.44
hcAlLiPaintedOrange,617,4608.67,0,0.00
hcAlLiPaintedPurple,617,5034.68,0,0.00
hcAlLiPaintedRed,617,5069.39,0,0.00
hcAlLiPaintedSky,617,5203.46,0,0.00
hcAlLiPaintedWhite,0,0.00,6172,3643.61
hcAlLiPaintedYellow,617,6001.18,0,0.00
hcAlLiPanelBlack,0,0.00,6172,4934.82
hcAlLiPanelDarkGray,0,0.00,6172,4484.10
hcAlLiPanelGray,617,6092.10,0,0.00
hcAlLiPanelGreen,617,5266.15,0,0.00
hcAlLiPanelIce,617,5787.49,0,0.00
hcAlLiPanelLightGray,617,6215.86,0,0.00
hcAlLiPanelMilitary,617,5043.92,0,0.00
hcAlLiPanelOrange,617,5137.36,0,0.00
hcAlLiPanelPurple,617,5975.84,0,0.00
hcAlLiPanelRed,0,0.00,6172,4502.36
hcAlLiPanelSky,617,4492.08,0,0.00
hcAlLiPanelWhite,0,0.00,6172,4817.65
hcAlLiPanelYellow,617,6007.89,0,0.00
hcAluminiumAged,0,0.00,8287,447.75
hcAluminiumGlossy,828,466.84,0,0.00
hcAluminiumMatte,828,418.42,0,0.00
hcAluminiumPaintedBlack,0,0.00,8287,401.70
hcAluminiumPaintedDarkGray,828,445.27,0,0.00
hcAluminiumPaintedGray,828,390.05,0,0.00
hcAluminiumPaintedGreen,0,0.00,8287,426.10
hcAluminiumPaintedIce,0,0.00,8287,393.28
hcAluminiumPaintedLightGray,0,0.00,8287,389.98
hcAluminiumPaintedMilitary,828,446.62,0,0.00
hcAluminiumPaintedOrange,0,0.00,8287,316.12
hcAluminiumPaintedPurple,0,0.00,8287,387.87
hcAluminiumPaintedRed,828,464.83,0,0.00
hcAluminiumPaintedSky,0,0.00,8287,418.17
hcAluminiumPaintedWhite,828,444.21,0,0.00
hcAluminiumPaintedYellow,0,0.00,8287,386.65
hcAluminiumPanelBlack,0,0.00,8287,320.94
hcAluminiumPanelDarkGray,828,547.83,0,0.00
hcAluminiumPanelGray,0,0.00,8287,316.53
hcAluminiumPanelGreen,0,0.00,8287,386.25
hcAluminiumPanelIce,828,480.53,0,0.00
hcAluminiumPanelLightGray,828,426.98,0,0.00
hcAluminiumPanelMilitary,828,477.88,0,0.00
hcAluminiumPanelOrange,0,0.00,8287,316.96
hcAluminiumPanelPurple,828,528.04,0,0.00
hcAluminiumPanelRed,0,0.00,8287,437.39
hcAluminiumPanelSky,0,0.00,8287,454.98
hcAluminiumPanelWhite,828,380.86,0,0.00
hcAluminiumPanelYellow,0,0.00,8287,351.04
hcCalciumAged,0,0.00,8278,369.71
hcCalciumGlossy,827,413.91,0,0.00
hcCalciumMatte,827,383.91,0,0.00
hcCalciumPaintedBlack,827,401.18,0,0.00
hcCalciumPaintedDarkGray,0,0.00,8278,423.11
hcCalciumPaintedGray,827,390.18,0,0.00
hcCalciumPaintedGreen,0,0.00,8278,311.94
hcCalciumPaintedIce,827,426.57,0,0.00
hcCalciumPaintedLightGray,0,0.00,8278,329.47
hcCalciumPaintedMilitary,0,0.00,8278,347.56
hcCalciumPaintedOrange,827,498.66,0,0.00
hcCalciumPaintedPurple,827,477.04,0,0.00
hcCalciumPaintedRed,827,526.88,0,0.00
hcCalciumPaintedSky,827,410.42,0,0.00
hcCalciumPaintedWhite,0,0.00,8278,313.07
hcCalciumPaintedYellow,827,419.67,0,0.00
hcCalciumPanelBlack,827,464.15,0,0.00
hcCalciumPanelDarkGray,827,430.34,0,0.00
hcCalciumPanelGray,827,507.93,0,0.00
hcCalciumPanelGreen,0,0.00,8278,394.96
hcCalciumPanelIce,827,369.86,0,0.00
hcCalciumPanelLightGray,0,0.00,8278,320.11
hcCalciumPanelMilitary,827,457.93,0,0.00
hcCalciumPanelOrange,0,0.00,8278,374.70
hcCalciumPanelPurple,827,405.88,0,0.00
hcCalciumPanelRed,827,486.40,0,0.00
hcCalciumPanelSky,0,0.00,8278,433.00
hcCalciumPanelWhite,827,491.56,0,0.00
hcCalciumPanelYellow,0,0.00,8278,364.06
hcCarbonAged,828,385.47,0,0.00
hcCarbonGlossy,828,467.01,0,0.00
hcCarbonMatte,828,553.40,0,0.00
hcCarbonPaintedBlack,828,414.73,0,0.00
hcCarbonPaintedDarkGray,828,498.61,0,0.00
hcCarbonPaintedGray,0,0.00,8287,315.68
hcCarbonPaintedGreen,0,0.00,8287,369.07
hcCarbonPaintedIce,828,456.55,0,0.00
hcCarbonPaintedLightGray,0,0.00,8287,319.61
hcCarbonPaintedMilitary,828,463.35,0,0.00
hcCarbonPaintedOrange,0,0.00,8287,436.23
hcCarbonPaintedPurple,0,0.00,8287,416.37
hcCarbonPaintedRed,0,0.00,8287,391.20
hcCarbonPaintedSky,0,0.00,8287,444.34
hcCarbonPaintedWhite,0,0.00,8287,340.72
hcCarbonPaintedYellow,0,0.00,8287,428.81
hcCarbonPanelBlack,0,0.00,8287,415.91
hcCarbonPanelDarkGray,0,0.00,8287,429.48
hcCarbonPanelGray,0,0.00,8287,403.08
hcCarbonPanelGreen,0,0.00,8287,368.43
hcCarbonPanelIce,828,409.35,0,0.00
hcCarbonPanelLightGray,0,0.00,8287,413.66
hcCarbonPanelMilitary,0,0.00,8287,415.36
hcCarbonPanelOrange,828,475.54,0,0.00
hcCarbonPanelPurple,0,0.00,8287,353.32
hcCarbonPanelRed,828,382.28,0,0.00
hcCarbonPanelSky,0,0.00,8287,336.40
hcCarbonPanelWhite,828,379.91,0,0.00
hcCarbonPanelYellow,828,528.98,0,0.00
hcChromiumAged,0,0.00,8278,353.03
hcChromiumGlossy,827,481.68,0,0.00
hcChromiumMatte,0,0.00,8278,403.58
hcChromiumPaintedBlack,827,473.77,0,0.00
hcChromiumPaintedDarkGray,827,466.72,0,0.00
hcChromiumPaintedGray,827,497.91,0,0.00
hcChromiumPaintedGreen,0,0.00,8278,369.71
hcChromiumPaintedIce,0,0.00,8278,314.86
hcChromiumPaintedLightGray,827,506.50,0,0.00
hcChromiumPaintedMilitary,827,489.63,0,0.00
hcChromiumPaintedOrange,0,0.00,8278,323.48
hcChromiumPaintedPurple,827,480.60,0,0.00
hcChromiumPaintedRed,0,0.00,8278,381.08
hcChromiumPaintedSky,827,490.61,0,0.00
hcChromiumPaintedWhite,827,520.67,0,0.00
hcChromiumPaintedYellow,827,523.34,0,0.00
hcChromiumPanelBlack,0,0.00,8278,361.78
hcChromiumPanelDarkGray,827,505.43,0,0.00
hcChromiumPanelGray,827,442.02,0,0.00
hcChromiumPanelGreen,0,0.00,8278,433.14
hcChromiumPanelIce,0,0.00,8278,346.57
hcChromiumPanelLightGray,0,0.00,8278,347.27
hcChromiumPanelMilitary,0,0.00,8278,400.75
hcChromiumPanelOrange,0,0.00,8278,355.43
hcChromiumPanelPurple,0,0.00,8278,437.24
hcChromiumPanelRed,0,0.00,8278,363.79
hcChromiumPanelSky,827,450.45,0,0.00
hcChromiumPanelWhite,0,0.00,8278,373.77
hcChromiumPanelYellow,827,496.76,0,0.00
hcCobaltAged,0,0.00,6064,3277.14
hcCobaltGlossy,606,4480.24,0,0.00
hcCobaltMatte,606,5768.82,0,0.00
hcCobaltPaintedBlack,606,5560.14,0,0.00
hcCobaltPaintedDarkGray,0,0.00,6064,3585.40
hcCobaltPaintedGray,606,4386.98,0,0.00
hcCobaltPaintedGreen,0,0.00,6064,3889.34
hcCobaltPaintedIce,0,0.00,6064,4233.28
hcCobaltPaintedLightGray,0,0.00,6064,4648.56
hcCobaltPaintedMilitary,606,4424.28,0,0.00
hcCobaltPaintedOrange,606,5449.16,0,0.00
hcCobaltPaintedPurple,0,0.00,6064,4627.81
hcCobaltPaintedRed,0,0.00,6064,3900.89
hcCobaltPaintedSky,606,4071.90,0,0.00
hcCobaltPaintedWhite,606,5007.89,0,0.00
hcCobaltPaintedYellow,0,0.00,6064,4602.78
hcCobaltPanelBlack,606,4032.81,0,0.00
hcCobaltPanelDarkGray,0,0.00,6064,4295.25
hcCobaltPanelGray,606,5391.31,0,0.00
hcCobaltPanelGreen,0,0.00,6064,4248.71
hcCobaltPanelIce,606,5356.89,0,0.00
hcCobaltPanelLightGray,0,0.00,6064,3284.33
hcCobaltPanelMilitary,606,4331.55,0,0.00
hcCobaltPanelOrange,606,4946.15,0,0.00
hcCobaltPanelPurple,0,0.00,6064,4367.71
hcCobaltPanelRed,0,0.00,6064,4612.35
hcCobaltPanelSky,0,0.00,6064,3975.44
hcCobaltPanelWhite,606,4538.55,0,0.00
hcCobaltPanelYellow,0,0.00,6064,3485.00
hcCopperAged,0,0.00,8278,320.35
hcCopperGlossy,827,483.65,0,0.00
hcCopperMatte,0,0.00,8278,405.22
hcCopperPaintedBlack,827,376.94,0,0.00
hcCopperPaintedDarkGray,827,371.72,0,0.00
hcCopperPaintedGray,827,381.51,0,0.00
hcCopperPaintedGreen,827,527.26,0,0.00
hcCopperPaintedIce,827,462.33,0,0.00
hcCopperPaintedLightGray,827,367.28,0,0.00
hcCopperPaintedMilitary,827,511.53,0,0.00
hcCopperPaintedOrange,0,0.00,8278,428.30
hcCopperPaintedPurple,0,0.00,8278,356.69
hcCopperPaintedRed,827,415.71,0,0.00
hcCopperPaintedSky,827,418.05,0,0.00
hcCopperPaintedWhite,0,0.00,8278,303.51
hcCopperPaintedYellow,827,510.04,0,0.00
hcCopperPanelBlack,0,0.00,8278,314.80
hcCopperPanelDarkGray,0,0.00,8278,338.69
hcCopperPanelGray,0,0.00,8278,407.97
hcCopperPanelGreen,0,0.00,8278,380.02
hcCopperPanelIce,827,493.48,0,0.00
hcCopperPanelLightGray,827,453.11,0,0.00
hcCopperPanelMilitary,0,0.00,8278,424.48
hcCopperPanelOrange,827,492.85,0,0.00
hcCopperPanelPurple,0,0.00,8278,416.50
hcCopperPanelRed,827,505.40,0,0.00
hcCopperPanelSky,827,471.99,0,0.00
hcCopperPanelWhite,827,372.56,0,0.00
hcCopperPanelYellow,827,388.21,0,0.00
hcDuraluminAged,0,0.00,6209,1195.24
hcDuraluminGlossy,0,0.00,6209,1110.16
hcDuraluminMatte,620,1151.47,0,0.00
hcDuraluminPaintedBlack,620,1317.12,0,0.00
hcDuraluminPaintedDarkGray,620,1251.51,0,0.00
hcDuraluminPaintedGray,0,0.00,6209,1082.35
hcDuraluminPaintedGreen,0,0.00,6209,1029.01
hcDuraluminPaintedIce,620,1104.61,0,0.00
hcDuraluminPaintedLightGray,620,1102.98,0,0.00
hcDuraluminPaintedMilitary,0,0.00,6209,1168.90
hcDuraluminPaintedOrange,0,0.00,8278,839.94
hcDuraluminPaintedPurple,0,0.00,6209,1157.86
hcDuraluminPaintedRed,0,0.00,6209,1107.45
hcDuraluminPaintedSky,0,0.00,6209,1027.16
hcDuraluminPaintedWhite,827,1065.94,0,0.00
hcDuraluminPaintedYellow,620,1320.07,0,0.00
hcDuraluminPanelBlack,0,0.00,8278,842.58
hcDuraluminPanelDarkGray,620,1347.96,0,0.00
hcDuraluminPanelGray,0,0.00,6209,1054.58
hcDuraluminPanelGreen,620,1380.77,0,0.00
hcDuraluminPanelIce,0,0.00,6209,1014.81
hcDuraluminPanelLightGray,0,0.00,6209,1031.56
hcDuraluminPanelMilitary,827,1045.44,0,0.00
hcDuraluminPanelOrange,0,0.00,8278,835.23
hcDuraluminPanelPurple,0,0.00,8278,827.95
hcDuraluminPanelRed,620,1341.53,0,0.00
hcDuraluminPanelSky,0,0.00,8278,852.50
hcDuraluminPanelWhite,0,0.00,6209,991.10
hcDuraluminPanelYellow,620,1211.89,0,0.00
hcEmissive01,0,0.00,3104,1140.13
hcEmissive01Dim,310,1624.88,0,0.00
hcEmissive01Faint,0,0.00,3104,1434.24
hcEmissiveCyan,310,1598.22,0,0.00
hcEmissiveIcyBlue,310,1353.48,0,0.00
hcEmissiveLime,310,1512.91,0,0.00
hcEmissiveMagenta,0,0.00,3104,1235.05
hcEmissiveOrange,0,0.00,3104,1161.61
hcEmissivePurple,0,0.00,3104,1142.71
hcEmissiveRed,310,1495.16,0,0.00
hcEmissiveYellow,310,1314.57,0,0.00
hcFluorineAged,606,4101.23,0,0.00
hcFluorineGlossy,0,0.00,6064,3667.70
hcFluorineMatte,606,5193.46,0,0.00
hcFluorinePaintedBlack,606,4246.84,0,0.00
hcFluorinePaintedDarkGray,0,0.00,6064,4261.17
hcFluorinePaintedGray,606,5714.11,0,0.00
hcFluorinePaintedGreen,606,5485.51,0,0.00
hcFluorinePaintedIce,606,4046.52,0,0.00
hcFluorinePaintedLightGray,606,5475.07,0,0.00
hcFluorinePaintedMilitary,606,4488.41,0,0.00
hcFluorinePaintedOrange,0,0.00,6064,4125.80
hcFluorinePaintedPurple,0,0.00,6064,4375.24
hcFluorinePaintedRed,606,3997.59,0,0.00
hcFluorinePaintedSky,0,0.00,6064,4572.48
hcFluorinePaintedWhite,606,5220.96,0,0.00
hcFluorinePaintedYellow,0,0.00,6064,3842.25
hcFluorinePanelBlack,606,5246.72,0,0.00
hcFluorinePanelDarkGray,606,5031.12,0,0.00
hcFluorinePanelGray,606,5146.74,0,0.00
hcFluorinePanelGreen,0,0.00,6064,4411.86
hcFluorinePanelIce,606,4273.11,0,0.00
hcFluorinePanelLightGray,606,4026.61,0,0.00
hcFluorinePanelMilitary,0,0.00,6064,4568.09
hcFluorinePanelOrange,0,0.00,6064,4202.72
hcFluorinePanelPurple,606,4676.75,0,0.00
hcFluorinePanelRed,606,4391.79,0,0.00
hcFluorinePanelSky,0,0.00,6064,3258.38
hcFluorinePanelWhite,606,5270.61,0,0.00
hcFluorinePanelYellow,0,0.00,6064,3774.07
hcGoldAged,0,0.00,6064,3859.94
hcGoldGlossy,0,0.00,6064,4205.16
hcGoldMatte,0,0.00,6064,3269.24
hcGoldPaintedBlack,0,0.00,6064,3410.67
hcGoldPaintedDarkGray,0,0.00,6064,3309.02
hcGoldPaintedGray,606,5632.11,0,0.00
hcGoldPaintedGreen,0,0.00,6064,3950.82
hcGoldPaintedIce,606,5007.92,0,0.00
hcGoldPaintedLightGray,0,0.00,6064,4405.01
hcGoldPaintedMilitary,606,5569.95,0,0.00
hcGoldPaintedOrange,0,0.00,6064,4023.58
hcGoldPaintedPurple,0,0.00,6064,4336.37
hcGoldPaintedRed,0,0.00,6064,4623.64
hcGoldPaintedSky,0,0.00,6064,3492.74
hcGoldPaintedWhite,606,5359.56,0,0.00
hcGoldPaintedYellow,0,0.00,6064,4610.38
hcGoldPanelBlack,0,0.00,6064,3274.67
hcGoldPanelDarkGray,606,5453.81,0,0.00
hcGoldPanelGray,0,0.00,6064,4447.79
hcGoldPanelGreen,606,4694.18,0,0.00
hcGoldPanelIce,0,0.00,6064,3635.55
hcGoldPanelLightGray,606,4594.79,0,0.00
hcGoldPanelMilitary,0,0.00,6064,3892.49
hcGoldPanelOrange,0,0.00,6064,3960.71
hcGoldPanelPurple,606,4223.47,0,0.00
hcGoldPanelRed,0,0.00,6064,3617.20
hcGoldPanelSky,0,0.00,6064,3860.78
hcGoldPanelWhite,606,5812.85,0,0.00
hcGoldPanelYellow,0,0.00,6064,4403.10
hcGrade5TitaniumAlloyPaintedIce,0,0.00,3840,89178.45
hcGrade5TitaniumAlloyPaintedPurple,192,133523.82,0,0.00
hcGrade5TitaniumAlloyPanelDarkGray,0,0.00,1920,93621.44
hcInconelAged,0,0.00,6172,5001.89
hcInconelGlossy,617,6313.90,0,0.00
hcInconelMatte,0,0.00,6172,4409.79
hcInconelPaintedBlack,617,5304.39,0,0.00
hcInconelPaintedDarkGray,617,5674.21,0,0.00
hcInconelPaintedGray,0,0.00,6172,3915.85
hcInconelPaintedGreen,617,6005.98,0,0.00
hcInconelPaintedIce,0,0.00,6172,4273.22
hcInconelPaintedLightGray,617,4926.86,0,0.00
hcInconelPaintedMilitary,617,4581.69,0,0.00
hcInconelPaintedOrange,0,0.00,6172,4803.63
hcInconelPaintedPurple,617,6247.65,0,0.00
hcInconelPaintedRed,0,0.00,6172,4931.23
hcInconelPaintedSky,617,4626.07,0,0.00
hcInconelPaintedWhite,0,0.00,6172,4814.02
hcInconelPaintedYellow,0,0.00,6172,4719.15
hcInconelPanelBlack,0,0.00,6172,5035.28
hcInconelPanelDarkGray,0,0.00,6172,3954.31
hcInconelPanelGray,0,0.00,6172,4356.94
hcInconelPanelGreen,0,0.00,6172,4851.83
hcInconelPanelIce,617,5515.49,0,0.00
hcInconelPanelLightGray,0,0.00,6172,5155.47
hcInconelPanelMilitary,0,0.00,6172,4561.86
hcInconelPanelOrange,617,6251.57,0,0.00
hcInconelPanelPurple,0,0.00,6172,3669.58
hcInconelPanelRed,0,0.00,6172,4079.47
hcInconelPanelSky,0,0.00,6172,4052.73
hcInconelPanelWhite,0,0.00,6172,4184.88
hcInconelPanelYellow,0,0.00,6172,3944.34
hcIronAged,0,0.00,8287,454.37
hcIronGlossy,828,389.71,0,0.00
hcIronMatte,0,0.00,8287,426.72
hcIronPaintedBlack,0,0.00,8287,315.96
hcIronPaintedDarkGray,828,390.18,0,0.00
hcIronPaintedGray,828,401.59,0,0.00
hcIronPaintedGreen,828,389.13,0,0.00
hcIronPaintedIce,828,535.61,0,0.00
hcIronPaintedLightGray,828,379.95,0,0.00
hcIronPaintedMilitary,0,0.00,8287,453.71
hcIronPaintedOrange,828,532.35,0,0.00
hcIronPaintedPurple,828,389.79,0,0.00
hcIronPaintedRed,0,0.00,8287,355.68
hcIronPaintedSky,0,0.00,8287,441.70
hcIronPaintedWhite,0,0.00,8287,364.89
hcIronPaintedYellow,0,0.00,8287,430.82
hcIronPanelBlack,0,0.00,8287,360.31
hcIronPanelDarkGray,828,499.36,0,0.00
hcIronPanelGray,828,416.58,0,0.00
hcIronPanelGreen,828,539.09,0,0.00
hcIronPanelIce,0,0.00,8287,368.33
hcIronPanelLightGray,0,0.00,8287,328.36
hcIronPanelMilitary,828,396.82,0,0.00
hcIronPanelOrange,828,397.09,0,0.00
hcIronPanelPurple,0,0.00,8287,433.64
hcIronPanelRed,0,0.00,8287,417.74
hcIronPanelSky,0,0.00,8287,357.60
hcIronPanelWhite,0,0.00,8287,371.46
hcIronPanelYellow,828,427.54,0,0.00
hcLithiumAged,0,0.00,6172,1087.09
hcLithiumGlossy,0,0.00,6172,1177.00
hcLithiumMatte,617,1282.95,0,0.00
hcLithiumPaintedBlack,0,0.00,6172,941.94
hcLithiumPaintedDarkGray,617,1325.19,0,0.00
hcLithiumPaintedGray,617,1523.84,0,0.00
hcLithiumPaintedGreen,0,0.00,6172,1245.07
hcLithiumPaintedIce,0,0.00,6172,1144.70
hcLithiumPaintedLightGray,0,0.00,6172,1055.23
hcLithiumPaintedMilitary,617,1578.73,0,0.00
hcLithiumPaintedOrange,0,0.00,6172,1109.77
hcLithiumPaintedPurple,617,1231.83,0,0.00
hcLithiumPaintedRed,617,1249.44,0,0.00
hcLithiumPaintedSky,0,0.00,6172,1122.97
hcLithiumPaintedWhite,0,0.00,6172,1219.72
hcLithiumPaintedYellow,617,1428.43,0,0.00
hcLithiumPanelBlack,617,1263.70,0,0.00
hcLithiumPanelDarkGray,617,1465.38,0,0.00
hcLithiumPanelGray,617,1381.10,0,0.00
hcLithiumPanelGreen,617,1572.08,0,0.00
hcLithiumPanelIce,0,0.00,6172,918.55
hcLithiumPanelLightGray,0,0.00,6172,1281.29
hcLithiumPanelMilitary,0,0.00,6172,1121.31
hcLithiumPanelOrange,617,1203.06,0,0.00
hcLithiumPanelPurple,617,1154.24,0,0.00
hcLithiumPanelRed,617,1131.16,0,0.00
hcLithiumPanelSky,0,0.00,6172,1301.78
hcLithiumPanelWhite,617,1201.49,0,0.00
hcLithiumPanelYellow,0,0.00,6172,1090.97
hcMangalloyPaintedWhite,0,0.00,1920,115399.45
hcMangalloyPanelDarkGray,0,0.00,1920,100750.91
hcMangalloyPanelWhite,0,0.00,1920,91060.99
hcManganeseAged,0,0.00,3840,15908.09
hcManganesePaintedBlack,0,0.00,3840,16660.89
hcManganesePaintedYellow,384,21539.44,0,0.00
hcManganesePanelDarkGray,384,18903.23,0,0.00
hcManganesePanelMilitary,0,0.00,3840,19767.03
hcManganesePanelOrange,384,23624.09,0,0.00
hcManganesePanelPurple,0,0.00,3840,15375.32
hcManganesePanelRed,384,20585.77,0,0.00
hcManganesePanelWhite,384,23423.15,0,0.00
hcManganesePanelYellow,384,21354.68,0,0.00
hcMaragingSteelAged,0,0.00,4042,19090.28
hcMaragingSteelGlossy,0,0.00,4042,17544.15
hcMaragingSteelPaintedBlack,404,23516.96,0,0.00
hcMaragingSteelPaintedLightGray,0,0.00,4042,17437.75
hcMaragingSteelPaintedOrange,0,0.00,4042,17481.96
hcMaragingSteelPaintedWhite,404,23119.82,0,0.00
hcMaragingSteelPanelBlack,404,22612.88,0,0.00
hcMaragingSteelPanelDarkGray,404,23721.75,0,0.00
hcMaragingSteelPanelGreen,404,29465.01,0,0.00
hcMaragingSteelPanelRed,0,0.00,4042,22911.30
hcMaragingSteelPanelWhite,404,22850.73,0,0.00
hcMaragingSteelPanelYellow,0,0.00,4042,18234.75
hcNickelAged,617,1357.63,0,0.00
hcNickelGlossy,617,1484.61,0,0.00
hcNickelMatte,617,1388.03,0,0.00
hcNickelPaintedBlack,617,1546.71,0,0.00
hcNickelPaintedDarkGray,0,0.00,6172,1127.44
hcNickelPaintedGray,617,1124.87,0,0.00
hcNickelPaintedGreen,0,0.00,6172,1186.04
hcNickelPaintedIce,617,1323.23,0,0.00
hcNickelPaintedLightGray,0,0.00,6172,917.23
hcNickelPaintedMilitary,0,0.00,6172,1242.65
hcNickelPaintedOrange,0,0.00,6172,1011.10
hcNickelPaintedPurple,0,0.00,6172,1092.12
hcNickelPaintedRed,0,0.00,6172,1275.36
hcNickelPaintedSky,617,1306.96,0,0.00
hcNickelPaintedWhite,617,1137.13,0,0.00
hcNickelPaintedYellow,0,0.00,6172,1136.04
hcNickelPanelBlack,0,0.00,6172,1089.70
hcNickelPanelDarkGray,0,0.00,6172,1096.07
hcNickelPanelGray,617,1100.25,0,0.00
hcNickelPanelGreen,617,1565.49,0,0.00
hcNickelPanelIce,0,0.00,6172,1097.18
hcNickelPanelLightGray,0,0.00,6172,948.74
hcNickelPanelMilitary,0,0.00,6172,1244.51
hcNickelPanelOrange,0,0.00,6172,1296.03
hcNickelPanelPurple,0,0.00,6172,1133.37
hcNickelPanelRed,617,1325.75,0,0.00
hcNickelPanelSky,0,0.00,6172,1199.71
hcNickelPanelWhite,617,1378.99,0,0.00
hcNickelPanelYellow,0,0.00,6172,1237.16
hcNiobiumAged,384,21409.76,0,0.00
hcNiobiumGlossy,384,21757.93,0,0.00
hcNiobiumMatte,0,0.00,3840,16188.88
hcNiobiumPaintedDarkGray,384,23598.42,0,0.00
hcNiobiumPaintedMilitary,0,0.00,3840,15750.07
hcNiobiumPaintedOrange,384,24393.18,0,0.00
hcNiobiumPanelGreen,0,0.00,3840,16510.11
hcNiobiumPanelMilitary,384,18908.56,0,0.00
hcNiobiumPanelPurple,384,24519.83,0,0.00
hcNiobiumPanelYellow,0,0.00,3840,18085.46
hcScAlAged,0,0.00,4042,21037.79
hcScAlPaintedBlack,0,0.00,4042,22692.05
hcScAlPaintedGray,0,0.00,4042,21768.73
hcScAlPaintedIce,404,26284.54,0,0.00
hcScAlPaintedLightGray,404,26007.02,0,0.00
hcScAlPaintedOrange,0,0.00,4042,20897.85
hcScAlPaintedRed,0,0.00,4042,23753.27
hcScAlPaintedYellow,0,0.00,4042,24166.36
hcScAlPanelBlack,404,23616.92,0,0.00
hcScAlPanelOrange,404,22605.62,0,0.00
hcScAlPanelYellow,0,0.00,4042,18373.18
hcScandiumAged,0,0.00,6064,3961.61
hcScandiumGlossy,0,0.00,6064,3934.26
hcScandiumMatte,0,0.00,6064,3477.20
hcScandiumPaintedBlack,606,5289.93,0,0.00
hcScandiumPaintedDarkGray,606,4167.59,0,0.00
hcScandiumPaintedGray,0,0.00,6064,3399.48
hcScandiumPaintedGreen,606,5625.62,0,0.00
hcScandiumPaintedIce,0,0.00,6064,4090.58
hcScandiumPaintedLightGray,606,5166.81,0,0.00
hcScandiumPaintedMilitary,0,0.00,6064,4347.98
hcScandiumPaintedOrange,0,0.00,6064,3530.43
hcScandiumPaintedPurple,606,4580.79,0,0.00
hcScandiumPaintedRed,606,5117.86,0,0.00
hcScandiumPaintedSky,606,5171.37,0,0.00
hcScandiumPaintedWhite,0,0.00,6064,4257.96
hcScandiumPaintedYellow,606,5580.28,0,0.00
hcScandiumPanelBlack,606,4742.91,0,0.00
hcScandiumPanelDarkGray,606,4376.80,0,0.00
hcScandiumPanelGray,0,0.00,6064,4682.28
hcScandiumPanelGreen,606,4247.74,0,0.00
hcScandiumPanelIce,606,5100.74,0,0.00
hcScandiumPanelLightGray,0,0.00,6064,3531.04
hcScandiumPanelMilitary,606,5158.43,0,0.00
hcScandiumPanelOrange,0,0.00,6064,4249.85
hcScandiumPanelPurple,606,4272.13,0,0.00
hcScandiumPanelRed,606,5498.40,0,0.00
hcScandiumPanelSky,606,4454.46,0,0.00
hcScandiumPanelWhite,0,0.00,6064,4335.11
hcScandiumPanelYellow,0,0.00,6064,4150.66
hcSiliconAged,828,414.76,0,0.00
hcSiliconGlossy,0,0.00,8287,383.86
hcSiliconMatte,828,536.30,0,0.00
hcSiliconPaintedBlack,828,528.04,0,0.00
hcSiliconPaintedDarkGray,0,0.00,8287,414.36
hcSiliconPaintedGray,828,512.96,0,0.00
hcSiliconPaintedGreen,828,466.49,0,0.00
hcSiliconPaintedIce,828,468.65,0,0.00
hcSiliconPaintedLightGray,828,453.01,0,0.00
hcSiliconPaintedMilitary,0,0.00,8287,444.17
hcSiliconPaintedOrange,828,415.18,0,0.00
hcSiliconPaintedPurple,0,0.00,8287,368.83
hcSiliconPaintedRed,0,0.00,8287,393.26
hcSiliconPaintedSky,828,481.01,0,0.00
hcSiliconPaintedWhite,0,0.00,8287,355.11
hcSiliconPaintedYellow,828,421.40,0,0.00
hcSiliconPanelBlack,0,0.00,8287,407.31
hcSiliconPanelDarkGray,828,475.76,0,0.00
hcSiliconPanelGray,0,0.00,8287,447.66
hcSiliconPanelGreen,0,0.00,8287,412.86
hcSiliconPanelIce,0,0.00,8287,337.28
hcSiliconPanelLightGray,0,0.00,8287,436.97
hcSiliconPanelMilitary,828,481.31,0,0.00
hcSiliconPanelOrange,0,0.00,8287,445.41
hcSiliconPanelPurple,0,0.00,8287,423.49
hcSiliconPanelRed,0,0.00,8287,335.03
hcSiliconPanelSky,828,436.09,0,0.00
hcSiliconPanelWhite,828,388.45,0,0.00
hcSiliconPanelYellow,0,0.00,8287,417.60
hcSiluminAged,0,0.00,6215,1059.89
hcSiluminGlossy,0,0.00,6215,1050.99
hcSiluminMatte,0,0.00,6215,1036.12
hcSiluminPaintedBlack,621,1232.53,0,0.00
hcSiluminPaintedDarkGray,0,0.00,6215,1058.43
hcSiluminPaintedGray,621,1427.54,0,0.00
hcSiluminPaintedGreen,621,1165.45,0,0.00
hcSiluminPaintedIce,621,1256.83,0,0.00
hcSiluminPaintedLightGray,0,0.00,8287,871.09
hcSiluminPaintedMilitary,0,0.00,6215,1114.32
hcSiluminPaintedOrange,621,1259.49,0,0.00
hcSiluminPaintedPurple,0,0.00,8287,899.00
hcSiluminPaintedRed,0,0.00,6215,974.73
hcSiluminPaintedSky,621,1121.48,0,0.00
hcSiluminPaintedWhite,621,1128.43,0,0.00
hcSiluminPaintedYellow,621,1365.43,0,0.00
hcSiluminPanelBlack,0,0.00,6215,1198.73
hcSiluminPanelDarkGray,621,1441.53,0,0.00
hcSiluminPanelGray,621,1326.91,0,0.00
hcSiluminPanelGreen,0,0.00,8287,862.04
hcSiluminPanelIce,0,0.00,6215,949.20
hcSiluminPanelLightGray,621,1129.93,0,0.00
hcSiluminPanelMilitary,621,1349.97,0,0.00
hcSiluminPanelOrange,0,0.00,6215,1043.93
hcSiluminPanelPurple,0,0.00,6215,1067.83
hcSiluminPanelRed,621,1240.33,0,0.00
hcSiluminPanelSky,621,1127.56,0,0.00
hcSiluminPanelWhite,621,1278.05,0,0.00
hcSiluminPanelYellow,621,1432.17,0,0.00
hcSilverAged,0,0.00,6172,1234.44
hcSilverGlossy,617,1572.58,0,0.00
hcSilverMatte,0,0.00,6172,942.08
hcSilverPaintedBlack,0,0.00,6172,941.59
hcSilverPaintedDarkGray,617,1326.79,0,0.00
hcSilverPaintedGray,617,1386.53,0,0.00
hcSilverPaintedGreen,0,0.00,6172,991.41
hcSilverPaintedIce,0,0.00,6172,1147.03
hcSilverPaintedLightGray,617,1199.36,0,0.00
hcSilverPaintedMilitary,0,0.00,6172,985.86
hcSilverPaintedOrange,0,0.00,6172,1244.01
hcSilverPaintedPurple,617,1381.69,0,0.00
hcSilverPaintedRed,0,0.00,6172,999.47
hcSilverPaintedSky,617,1145.34,0,0.00
hcSilverPaintedWhite,0,0.00,6172,1130.51
hcSilverPaintedYellow,617,1460.80,0,0.00
hcSilverPanelBlack,0,0.00,6172,1175.11
hcSilverPanelDarkGray,0,0.00,6172,1264.90
hcSilverPanelGray,0,0.00,6172,1196.87
hcSilverPanelGreen,617,1405.58,0,0.00
hcSilverPanelIce,617,1550.81,0,0.00
hcSilverPanelLightGray,617,1489.52,0,0.00
hcSilverPanelMilitary,617,1352.59,0,0.00
hcSilverPanelOrange,617,1141.65,0,0.00
hcSilverPanelPurple,617,1266.05,0,0.00
hcSilverPanelRed,0,0.00,6172,1144.20
hcSilverPanelSky,617,1462.63,0,0.00
hcSilverPanelWhite,0,0.00,6172,1028.10
hcSilverPanelYellow,0,0.00,6172,961.60
hcSodiumAged,827,430.37,0,0.00
hcSodiumGlossy,827,524.00,0,0.00
hcSodiumMatte,827,449.97,0,0.00
hcSodiumPaintedBlack,827,422.11,0,0.00
hcSodiumPaintedDarkGray,0,0.00,8278,376.69
hcSodiumPaintedGray,0,0.00,8278,334.06
hcSodiumPaintedGreen,827,454.86,0,0.00
hcSodiumPaintedIce,827,529.49,0,0.00
hcSodiumPaintedLightGray,827,385.06,0,0.00
hcSodiumPaintedMilitary,827,459.39,0,0.00
hcSodiumPaintedOrange,0,0.00,8278,433.00
hcSodiumPaintedPurple,0,0.00,8278,340.29
hcSodiumPaintedRed,827,379.18,0,0.00
hcSodiumPaintedSky,827,435.82,0,0.00
hcSodiumPaintedWhite,0,0.00,8278,374.15
hcSodiumPaintedYellow,0,0.00,8278,373.67
hcSodiumPanelBlack,0,0.00,8278,380.71
hcSodiumPanelDarkGray,827,434.98,0,0.00
hcSodiumPanelGray,0,0.00,8278,366.03
hcSodiumPanelGreen,827,487.62,0,0.00
hcSodiumPanelIce,0,0.00,8278,337.94
hcSodiumPanelLightGray,0,0.00,8278,333.37
hcSodiumPanelMilitary,827,416.39,0,0.00
hcSodiumPanelOrange,827,506.29,0,0.00
hcSodiumPanelPurple,827,382.99,0,0.00
hcSodiumPanelRed,827,460.45,0,0.00
hcSodiumPanelSky,0,0.00,8278,418.10
hcSodiumPanelWhite,827,519.70,0,0.00
hcSodiumPanelYellow,0,0.00,8278,375.87
hcStainlessSteelAged,620,1143.03,0,0.00
hcStainlessSteelGlossy,0,0.00,6209,1272.22
hcStainlessSteelMatte,620,1230.67,0,0.00
hcStainlessSteelPaintedBlack,0,0.00,6209,1205.12
hcStainlessSteelPaintedDarkGray,620,1176.24,0,0.00
hcStainlessSteelPaintedGray,0,0.00,6209,1109.18
hcStainlessSteelPaintedGreen,620,1253.59,0,0.00
hcStainlessSteelPaintedIce,0,0.00,6209,1260.50
hcStainlessSteelPaintedLightGray,0,0.00,8278,880.92
hcStainlessSteelPaintedMilitary,0,0.00,6209,1055.86
hcStainlessSteelPaintedOrange,0,0.00,6209,1144.31
hcStainlessSteelPaintedPurple,620,1159.38,0,0.00
hcStainlessSteelPaintedRed,620,1471.37,0,0.00
hcStainlessSteelPaintedSky,0,0.00,8278,891.88
hcStainlessSteelPaintedWhite,0,0.00,6209,1149.57
hcStainlessSteelPaintedYellow,0,0.00,6209,930.50
hcStainlessSteelPanelBlack,620,1513.98,0,0.00
hcStainlessSteelPanelDarkGray,620,1125.91,0,0.00
hcStainlessSteelPanelGray,620,1536.43,0,0.00
hcStainlessSteelPanelGreen,0,0.00,6209,964.62
hcStainlessSteelPanelIce,0,0.00,6209,956.30
hcStainlessSteelPanelLightGray,0,0.00,6209,995.53
hcStainlessSteelPanelMilitary,620,1504.69,0,0.00
hcStainlessSteelPanelOrange,620,1492.46,0,0.00
hcStainlessSteelPanelPurple,0,0.00,6209,1104.10
hcStainlessSteelPanelRed,827,1078.76,0,0.00
hcStainlessSteelPanelSky,0,0.00,6209,1047.83
hcStainlessSteelPanelWhite,0,0.00,6209,1168.86
hcStainlessSteelPanelYellow,0,0.00,6209,1103.79
hcSteelAged,0,0.00,6215,1225.99
hcSteelGlossy,0,0.00,6215,1206.88
hcSteelMatte,0,0.00,6215,1001.86
hcSteelPaintedBlack,0,0.00,6215,925.14
hcSteelPaintedDarkGray,0,0.00,6215,1153.70
hcSteelPaintedGray,0,0.00,6215,1205.29
hcSteelPaintedGreen,0,0.00,6215,907.03
hcSteelPaintedIce,621,1129.39,0,0.00
hcSteelPaintedLightGray,0,0.00,6215,909.96
hcSteelPaintedMilitary,0,0.00,6215,1115.42
hcSteelPaintedOrange,621,1274.61,0,0.00
hcSteelPaintedPurple,0,0.00,6215,1074.67
hcSteelPaintedRed,621,1319.31,0,0.00
hcSteelPaintedSky,621,1421.28,0,0.00
hcSteelPaintedWhite,0,0.00,6215,963.68
hcSteelPaintedYellow,0,0.00,6215,1224.25
hcSteelPanelBlack,0,0.00,6215,992.53
hcSteelPanelDarkGray,621,1418.84,0,0.00
hcSteelPanelGray,0,0.00,6215,1020.43
hcSteelPanelGreen,621,1192.85,0,0.00
hcSteelPanelIce,621,1259.92,0,0.00
hcSteelPanelLightGray,0,0.00,6215,1243.38
hcSteelPanelMilitary,621,1349.78,0,0.00
hcSteelPanelOrange,621,1422.72,0,0.00
hcSteelPanelPurple,0,0.00,6215,977.93
hcSteelPanelRed,621,1493.35,0,0.00
hcSteelPanelSky,621,1109.50,0,0.00
hcSteelPanelWhite,621,1155.70,0,0.00
hcSteelPanelYellow,0,0.00,6215,990.59
hcSulfurAged,617,1265.51,0,0.00
hcSulfurGlossy,0,0.00,6172,1221.43
hcSulfurMatte,0,0.00,6172,1180.87
hcSulfurPaintedBlack,617,1119.41,0,0.00
hcSulfurPaintedDarkGray,0,0.00,6172,937.15
hcSulfurPaintedGray,617,1184.74,0,0.00
hcSulfurPaintedGreen,617,1307.41,0,0.00
hcSulfurPaintedIce,0,0.00,6172,1136.23
hcSulfurPaintedLightGray,0,0.00,6172,1253.72
hcSulfurPaintedMilitary,0,0.00,6172,1255.07
hcSulfurPaintedOrange,0,0.00,6172,1161.33
hcSulfurPaintedPurple,617,1408.79,0,0.00
hcSulfurPaintedRed,0,0.00,6172,982.83
hcSulfurPaintedSky,617,1443.48,0,0.00
hcSulfurPaintedWhite,0,0.00,6172,1117.23
hcSulfurPaintedYellow,617,1116.94,0,0.00
hcSulfurPanelBlack,0,0.00,6172,937.35
hcSulfurPanelDarkGray,617,1152.28,0,0.00
hcSulfurPanelGray,0,0.00,6172,1022.27
hcSulfurPanelGreen,617,1423.90,0,0.00
hcSulfurPanelIce,0,0.00,6172,908.50
hcSulfurPanelLightGray,617,1317.06,0,0.00
hcSulfurPanelMilitary,617,1369.62,0,0.00
hcSulfurPanelOrange,617,1120.70,0,0.00
hcSulfurPanelPurple,0,0.00,6172,962.24
hcSulfurPanelRed,0,0.00,6172,1018.87
hcSulfurPanelSky,0,0.00,6172,1045.09
hcSulfurPanelWhite,617,1331.78,0,0.00
hcSulfurPanelYellow,0,0.00,6172,1204.42
hcTitaniumPaintedBlack,384,24685.33,0,0.00
hcTitaniumPaintedDarkGray,0,0.00,3840,19860.18
hcTitaniumPaintedIce,384,20014.36,0,0.00
hcTitaniumPaintedLightGray,0,0.00,3840,19301.57
hcTitaniumPaintedMilitary,0,0.00,3840,15156.04
hcTitaniumPaintedWhite,384,24865.11,0,0.00
hcTitaniumPaintedYellow,384,18841.54,0,0.00
hcTitaniumPanelGreen,384,24130.43,0,0.00
hcTitaniumPanelMilitary,0,0.00,3840,19988.57
hcTitaniumPanelOrange,384,18524.83,0,0.00
hcTitaniumPanelPurple,0,0.00,3840,14257.69
hcTitaniumPanelRed,0,0.00,3840,16105.41
hcTitaniumPanelSky,384,22178.29,0,0.00
hcVanadiumMatte,0,0.00,3840,16891.10
hcVanadiumPaintedBlack,0,0.00,3840,18146.86
hcVanadiumPaintedLightGray,384,20855.90,0,0.00
hcVanadiumPaintedMilitary,384,21058.29,0,0.00
hcVanadiumPaintedSky,384,23671.14,0,0.00
hcVanadiumPaintedWhite,0,0.00,3840,16149.93
hcVanadiumPaintedYellow,384,17042.13,0,0.00
hcVanadiumPanelBlack,0,0.00,3840,19058.13
hcVanadiumPanelWhite,0,0.00,3840,18985.20
hydraulics_1,0,0.00,3095,1184.26
hydraulics_2,0,0.00,2703,821.73
hydraulics_3,0,0.00,1136,1726.18
hydraulics_4,0,0.00,899,5252.87
igniter_1,0,0.00,3095,1105.37
igniter_2,0,0.00,2703,722.38
igniter_3,113,1678.60,0,0.00
igniter_4,0,0.00,899,6301.78
injector_1,309,1106.76,0,0.00
injector_2,270,960.56,0,0.00
injector_3,0,0.00,1136,1435.87
injector_4,0,0.00,899,5969.11
injector_5,27,29684.05,0,0.00
ionicchamber_1_l,178,26320.41,0,0.00
ionicchamber_1_m,295,9479.73,0,0.00
ionicchamber_1_s,305,1569.23,0,0.00
ionicchamber_1_xs,412,351.03,0,0.00
ionicchamber_2_m,68,22153.33,0,0.00
ionicchamber_2_s,0,0.00,1161,4603.64
ionicchamber_2_xs,0,0.00,1216,2809.80
ionicchamber_3_m,31,57028.49,0,0.00
ionicchamber_3_s,69,7956.40,0,0.00
ionicchamber_3_xs,0,0.00,811,5209.18
ionicchamber_4_s,0,0.00,321,21021.80
laserchamber_1_m,295,8296.95,0,0.00
laserchamber_1_s,305,1558.61,0,0.00
laserchamber_1_xs,412,259.03,0,0.00
laserchamber_2_m,0,0.00,682,21298.52
laserchamber_2_s,116,3670.50,0,0.00
laserchamber_2_xs,0,0.00,1216,1964.89
laserchamber_3_s,69,10689.15,0,0.00
laserchamber_3_xs,81,6916.40,0,0.00
laserchamber_4_xs,49,18621.55,0,0.00
led_1,0,0.00,8205,114.21
led_2,0,0.00,3961,149.26
led_3,0,0.00,2322,482.31
light_1_m,0,0.00,2954,6099.10
light_1_s,0,0.00,3058,1054.38
light_1_xs,0,0.00,4127,182.72
light_2_m,68,24881.76,0,0.00
light_2_s,116,4442.38,0,0.00
light_2_xs,121,2528.26,0,0.00
light_3_m,31,48473.39,0,0.00
light_3_s,69,8872.87,0,0.00
light_3_xs,81,6035.76,0,0.00
light_4_s,0,0.00,321,23722.94
light_5_l,0,0.00,100,3635566.72
magnet_1,309,1275.92,0,0.00
magnet_2,270,1067.28,0,0.00
magnet_3,0,0.00,1136,1460.98
magnet_4,89,6331.31,0,0.00
magneticrail_1_m,0,0.00,2954,8636.96
magneticrail_1_s,305,1450.19,0,0.00
magneticrail_1_xs,412,284.16,0,0.00
magneticrail_2_s,0,0.00,1161,4286.62
magneticrail_2_xs,121,2514.87,0,0.00
magneticrail_3_s,0,0.00,690,8645.43
magneticrail_3_xs,0,0.00,811,5390.25
magneticrail_4_s,32,28923.45,0,0.00
magneticrail_4_xs,0,0.00,499,16672.66
mechanicalsensor_1_m,0,0.00,2954,8570.54
mechanicalsensor_1_s,0,0.00,3058,1353.78
mechanicalsensor_1_xs,412,283.17,0,0.00
mechanicalsensor_2_s,0,0.00,1161,3302.08
mechanicalsensor_2_xs,121,2505.62,0,0.00
mechanicalsensor_3_l,10,344763.35,0,0.00
mechanicalsensor_3_s,69,7858.50,0,0.00
mechanicalsensor_3_xs,81,5822.20,0,0.00
mobilepanel_1_l,0,0.00,1786,28916.38
mobilepanel_1_m,295,10336.56,0,0.00
mobilepanel_1_s,0,0.00,3058,1307.59
mobilepanel_1_xl,69,232723.74,0,0.00
mobilepanel_1_xs,0,0.00,4127,250.91
mobilepanel_2_s,0,0.00,1161,4061.22
mobilepanel_2_xs,0,0.00,1216,2451.33
mobilepanel_3_s,0,0.00,690,6577.92
mobilepanel_3_xl,10,1655047.99,0,0.00
mobilepanel_3_xs,0,0.00,811,4892.47
mobilepanel_4_s,32,32743.94,0,0.00
motherboard_1_l,178,22226.64,0,0.00
motherboard_1_m,295,10317.87,0,0.00
motherboard_1_s,0,0.00,3058,997.22
motherboard_1_xs,412,269.63,0,0.00
motherboard_2_m,68,20720.51,0,0.00
motherboard_2_s,0,0.00,1161,4465.29
motherboard_2_xs,0,0.00,1216,2538.39
motherboard_3_s,69,8810.54,0,0.00
motherboard_3_xs,81,6578.44,0,0.00
motherboard_4_l,10,1117260.71,0,0.00
motherboard_4_s,0,0.00,321,27309.81
motherboard_5_xs,0,0.00,327,54202.25
opticalsensor_1_m,0,0.00,2954,7567.98
opticalsensor_1_s,0,0.00,3058,1125.02
opticalsensor_1_xs,0,0.00,4127,174.80
opticalsensor_2_s,116,4978.49,0,0.00
opticalsensor_2_xs,121,3170.63,0,0.00
opticalsensor_3_m,31,61422.07,0,0.00
opticalsensor_3_s,69,10784.34,0,0.00
opticalsensor_3_xs,81,6771.31,0,0.00
opticalsensor_4_s,32,25675.40,0,0.00
optics_1,309,1184.15,0,0.00
optics_2,0,0.00,2703,714.62
optics_3,0,0.00,1136,1731.28
optics_4,89,8764.46,0,0.00
orescanner_1_l,0,0.00,1786,23011.11
orescanner_1_m,295,8131.53,2954,8131.53
orescanner_1_s,305,1345.63,3058,1345.63
orescanner_1_xs,412,255.70,4127,255.70
orescanner_2_l,25,116467.18,0,0.00
orescanner_2_s,116,3679.81,1161,3679.81
orescanner_2_xs,121,2624.32,1216,2624.32
orescanner_3_s,69,7770.46,690,7770.46
orescanner_3_xs,81,5938.71,811,5938.71
orescanner_4_s,0,0.00,321,23042.62
orescanner_5_l,0,0.00,100,3978529.88
pipe_1,0,0.00,8205,150.29
pipe_2,396,211.02,0,0.00
pipe_3,232,601.94,0,0.00
powerconvertor_1_m,196,11696.97,0,0.00
powerconvertor_1_s,0,0.00,3058,1575.22
powerconvertor_1_xs,412,261.85,0,0.00
powerconvertor_2_s,116,4090.50,0,0.00
powerconvertor_2_xs,0,0.00,1216,2855.69
powerconvertor_3_m,0,0.00,318,50144.09
powerconvertor_3_s,0,0.00,690,7419.94
powerconvertor_3_xs,81,5662.71,0,0.00
powersystem_1,0,0.00,3095,1279.50
powersystem_2,0,0.00,2703,768.66
powersystem_3,113,1646.02,0,0.00
powersystem_4,0,0.00,899,5935.15
powersystem_5,0,0.00,272,28479.32
processor_1,309,1261.68,0,0.00
processor_2,0,0.00,2703,845.90
processor_3,113,2008.70,0,0.00
processor_4,0,0.00,899,6215.63
processor_5,27,41119.72,0,0.00
quantumalignmentunit_3,0,0.00,647,5996.51
quantumbarrier_3,64,7156.84,0,0.00
quantumcore_1,412,946.79,4127,946.79
quantumcore_2,270,796.75,2703,796.75
quantumcore_3,113,1663.45,1136,1663.45
quantumcore_4,89,7057.92,899,7057.92
reinforcedframe_1_l,374,38538.20,0,0.00
reinforcedframe_1_m,601,8560.59,0,0.00
reinforcedframe_1_s,615,1619.40,0,0.00
reinforcedframe_1_xl,156,208134.22,0,0.00
reinforcedframe_1_xs,0,0.00,8270,222.53
reinforcedframe_2_m,272,7427.50,0,0.00
reinforcedframe_2_s,396,1097.66,0,0.00
reinforcedframe_2_xs,0,0.00,4086,310.76
reinforcedframe_3_m,0,0.00,1317,19855.57
reinforcedframe_3_s,0,0.00,2612,3561.27
reinforcedframe_3_xs,0,0.00,2926,924.32
reinforcedframe_4_xs,247,5074.75,0,0.00
reinforcedframe_5_xs,0,0.00,1025,26797.91
roboticarm_1_l,0,0.00,1786,23570.61
roboticarm_1_m,295,8496.58,0,0.00
roboticarm_1_s,0,0.00,3058,1187.71
roboticarm_1_xs,0,0.00,4127,254.01
roboticarm_2_m,0,0.00,682,20921.56
roboticarm_2_s,0,0.00,1161,3604.08
roboticarm_2_xs,0,0.00,1216,2889.26
roboticarm_3_l,10,325589.07,0,0.00
roboticarm_3_s,0,0.00,690,7162.39
roboticarm_3_xs,81,7589.71,0,0.00
roboticarm_4_s,32,25165.96,0,0.00
roboticarm_5_m,0,0.00,100,590603.28
roboticarm_5_xl,10,30073575.12,0,0.00
screen_1_m,0,0.00,2954,6339.42
screen_1_s,0,0.00,3058,1099.44
screen_1_xs,412,197.19,0,0.00
screen_2_m,68,24847.27,0,0.00
screen_2_s,116,4600.96,0,0.00
screen_2_xs,121,2387.56,0,0.00
screen_3_s,69,9788.60,0,0.00
screen_3_xl,10,2125274.59,0,0.00
screen_3_xs,81,5868.60,0,0.00
screen_4_s,32,33856.68,0,0.00
screw_1,0,0.00,8205,104.33
screw_2,0,0.00,3961,161.66
screw_3,0,0.00,2322,646.79
silo_1_l,0,0.00,1786,24946.21
silo_1_m,196,11086.40,0,0.00
silo_1_s,0,0.00,3058,1288.26
silo_1_xs,0,0.00,4127,287.38
silo_2_m,68,22021.78,0,0.00
silo_2_s,0,0.00,1161,3448.93
silo_2_xs,121,3077.83,0,0.00
silo_3_s,69,10033.16,0,0.00
silo_3_xs,0,0.00,811,5712.09
silo_4_s,0,0.00,321,22935.69
singularitycontainer_1,0,0.00,3095,1106.64
singularitycontainer_2,0,0.00,2027,901.18
singularitycontainer_3,113,2101.75,0,0.00
singularitycontainer_4,0,0.00,899,6485.54
standardframe_1_l,0,0.00,3747,31220.72
standardframe_1_m,0,0.00,6011,8231.05
standardframe_1_s,0,0.00,6153,1145.01
standardframe_1_xs,0,0.00,8270,215.69
standardframe_2_m,0,0.00,2721,5446.71
standardframe_2_s,0,0.00,2971,1005.27
standardframe_2_xs,0,0.00,4086,316.95
standardframe_3_m,0,0.00,1317,18922.70
standardframe_3_s,261,4417.27,0,0.00
standardframe_3_xs,0,0.00,2926,1107.42
standardframe_4_s,117,14532.69,0,0.00
standardframe_4_xs,0,0.00,2479,5466.39
warhead_1,0,0.00,3095,938.91
warhead_2,0,0.00,2703,770.14
warhead_3,0,0.00,1136,1748.73
warhead_4,89,7560.61,0,0.00
warhead_5,0,0.00,272,34493.34
siliconore,0,0.00,10379,21.25
carbonore,0,0.00,10379,24.04
aluminiumore,0,0.00,10379,21.21
copperore,0,0.00,10379,65.66
calciumore,0,0.00,10379,75.66
chromiumore,0,0.00,10379,71.31
lithiumore,830,152.42,8303,152.42
nickelore,830,141.97,8303,141.97
silverore,830,166.55,8303,166.55
sulfurore,830,151.00,8303,151.00
cobaltore,830,291.13,8303,291.13
fluorineore,830,281.81,8303,281.81
goldore,830,328.52,8303,328.52
scandiumore,830,313.68,8303,313.68
manganeseore,830,705.95,8303,705.95
niobiumore,830,613.42,8303,613.42
ThoramineOre,830,617.03,8303,617.03
thoramineore,830,626.08,8303,626.08
titaniumore,830,647.57,8303,647.57
vanadiumore,830,614.66,8303,614.66
